frame,score
frame_000000.png,0.000000
frame_000001.png,0.046427
frame_000002.png,0.009236
frame_000003.png,0.008355
frame_000004.png,0.016196
frame_000005.png,0.031397
frame_000006.png,0.012450
frame_000007.png,0.011229
frame_000008.png,0.017892
frame_000009.png,0.028258
frame_000010.png,0.009892
frame_000011.png,0.008954
frame_000012.png,0.018405
frame_000013.png,0.030160
frame_000014.png,0.018301
frame_000015.png,0.011624
frame_000016.png,0.020766
frame_000017.png,0.026223
frame_000018.png,0.010702
frame_000019.png,0.014574
frame_000020.png,0.022984
frame_000021.png,0.032259
frame_000022.png,0.013111
frame_000023.png,0.017103
frame_000024.png,0.021146
frame_000025.png,0.032758
frame_000026.png,0.015000
frame_000027.png,0.015174
frame_000028.png,0.026175
frame_000029.png,0.043933
frame_000030.png,0.020152
frame_000031.png,0.017629
frame_000032.png,0.025419
frame_000033.png,0.037348
frame_000034.png,0.018636
frame_000035.png,0.019358
frame_000036.png,0.026698
frame_000037.png,0.043729
frame_000038.png,0.019431
frame_000039.png,0.020978
frame_000040.png,0.026653
frame_000041.png,0.046752
frame_000042.png,0.017886
frame_000043.png,0.030125
frame_000044.png,0.034618
frame_000045.png,0.049441
frame_000046.png,0.023796
frame_000047.png,0.021393
frame_000048.png,0.031113
frame_000049.png,0.047128
frame_000050.png,0.026624
frame_000051.png,0.028970
frame_000052.png,0.039718
frame_000053.png,0.054090
frame_000054.png,0.028985
frame_000055.png,0.028833
frame_000056.png,0.034971
frame_000057.png,0.058727
frame_000058.png,0.030878
frame_000059.png,0.030870
frame_000060.png,0.033069
frame_000061.png,0.057299
frame_000062.png,0.028096
frame_000063.png,0.034176
frame_000064.png,0.032639
frame_000065.png,0.057921
frame_000066.png,0.038139
frame_000067.png,0.032411
frame_000068.png,0.041495
frame_000069.png,0.061198
frame_000070.png,0.038673
frame_000071.png,0.039259
frame_000072.png,0.036688
frame_000073.png,0.064435
frame_000074.png,0.039792
frame_000075.png,0.037984
frame_000076.png,0.041049
frame_000077.png,0.065453
frame_000078.png,0.040245
frame_000079.png,0.041593
frame_000080.png,0.043308
frame_000081.png,0.070203
frame_000082.png,0.045089
frame_000083.png,0.049512
frame_000084.png,0.039064
frame_000085.png,0.073156
frame_000086.png,0.053231
frame_000087.png,0.055855
frame_000088.png,0.041537
frame_000089.png,0.074439
frame_000090.png,0.049954
frame_000091.png,0.050631
frame_000092.png,0.044792
frame_000093.png,0.076264
frame_000094.png,0.052284
frame_000095.png,0.056740
frame_000096.png,0.048245
frame_000097.png,0.079059
frame_000098.png,0.052805
frame_000099.png,0.054406
frame_000100.png,0.050332
frame_000101.png,0.093129
frame_000102.png,0.067789
frame_000103.png,0.064817
frame_000104.png,0.051703
frame_000105.png,0.084566
frame_000106.png,0.058243
frame_000107.png,0.064500
frame_000108.png,0.053613
frame_000109.png,0.083410
frame_000110.png,0.066074
frame_000111.png,0.069954
frame_000112.png,0.055934
frame_000113.png,0.085926
frame_000114.png,0.065791
frame_000115.png,0.070367
frame_000116.png,0.060654
frame_000117.png,0.092726
frame_000118.png,0.065882
frame_000119.png,0.079597
frame_000120.png,0.060515
frame_000121.png,0.093659
frame_000122.png,0.072986
frame_000123.png,0.080658
frame_000124.png,0.065384
frame_000125.png,0.099280
frame_000126.png,0.077025
frame_000127.png,0.089921
frame_000128.png,0.065992
frame_000129.png,0.102730
frame_000130.png,0.077093
frame_000131.png,0.088488
frame_000132.png,0.066088
frame_000133.png,0.103945
frame_000134.png,0.073513
frame_000135.png,0.100826
frame_000136.png,0.075407
frame_000137.png,0.109184
frame_000138.png,0.079317
frame_000139.png,0.101489
frame_000140.png,0.069753
frame_000141.png,0.110305
frame_000142.png,0.083561
frame_000143.png,0.107832
frame_000144.png,0.078962
frame_000145.png,0.109757
frame_000146.png,0.088376
frame_000147.png,0.107504
frame_000148.png,0.075938
frame_000149.png,0.716150
frame_000150.png,0.678270
frame_000151.png,0.106644
frame_000152.png,0.084319
frame_000153.png,0.121422
frame_000154.png,0.103856
frame_000155.png,0.115581
frame_000156.png,0.081993
frame_000157.png,0.123571
frame_000158.png,0.109259
frame_000159.png,0.116028
frame_000160.png,0.090700
frame_000161.png,0.131713
frame_000162.png,0.112286
frame_000163.png,0.120343
frame_000164.png,0.094678
frame_000165.png,0.122496
frame_000166.png,0.112811
frame_000167.png,0.127319
frame_000168.png,0.092436
frame_000169.png,0.125457
frame_000170.png,0.121480
frame_000171.png,0.139348
frame_000172.png,0.105058
frame_000173.png,0.139838
frame_000174.png,0.129302
frame_000175.png,0.150395
frame_000176.png,0.105203
frame_000177.png,0.146069
frame_000178.png,0.131159
frame_000179.png,0.157276
frame_000180.png,0.104805
frame_000181.png,0.149535
frame_000182.png,0.132079
frame_000183.png,0.160212
frame_000184.png,0.114086
frame_000185.png,0.153237
frame_000186.png,0.141144
frame_000187.png,0.156393
frame_000188.png,0.123324
frame_000189.png,0.152745
frame_000190.png,0.137284
frame_000191.png,0.158193
frame_000192.png,0.122282
frame_000193.png,0.166356
frame_000194.png,0.143235
frame_000195.png,0.170473
frame_000196.png,0.115735
frame_000197.png,0.165021
frame_000198.png,0.151663
frame_000199.png,0.174142
frame_000200.png,0.125733
frame_000201.png,0.175041
frame_000202.png,0.159732
frame_000203.png,0.178439
frame_000204.png,0.130583
frame_000205.png,0.177668
frame_000206.png,0.160760
frame_000207.png,0.175949
frame_000208.png,0.153497
frame_000209.png,0.182456
frame_000210.png,0.162037
frame_000211.png,0.187687
frame_000212.png,0.144149
frame_000213.png,0.188075
frame_000214.png,0.170448
frame_000215.png,0.182658
frame_000216.png,0.149307
frame_000217.png,0.185760
frame_000218.png,0.172328
frame_000219.png,0.197099
frame_000220.png,0.154379
frame_000221.png,0.188540
frame_000222.png,0.199311
frame_000223.png,0.189751
frame_000224.png,0.158385
frame_000225.png,0.196350
frame_000226.png,0.172689
frame_000227.png,0.207627
frame_000228.png,0.163287
frame_000229.png,0.205100
frame_000230.png,0.186802
frame_000231.png,0.224176
frame_000232.png,0.157662
frame_000233.png,0.208405
frame_000234.png,0.191630
frame_000235.png,0.214165
frame_000236.png,0.168866
frame_000237.png,0.211655
frame_000238.png,0.210314
frame_000239.png,0.225451
frame_000240.png,0.179294
frame_000241.png,0.220158
frame_000242.png,0.206350
frame_000243.png,0.221235
frame_000244.png,0.185104
frame_000245.png,0.229832
frame_000246.png,0.209998
frame_000247.png,0.227602
frame_000248.png,0.191541
frame_000249.png,0.167523
frame_000250.png,0.668191
frame_000251.png,0.178328
frame_000252.png,0.189331
frame_000253.png,0.199796
frame_000254.png,0.180613
frame_000255.png,0.212479
frame_000256.png,0.203542
frame_000257.png,0.224180
frame_000258.png,0.195785
frame_000259.png,0.222975
frame_000260.png,0.212498
frame_000261.png,0.231057
frame_000262.png,0.192890
frame_000263.png,0.232004
frame_000264.png,0.228740
frame_000265.png,0.242870
frame_000266.png,0.198108
frame_000267.png,0.236420
frame_000268.png,0.228596
frame_000269.png,0.252461
frame_000270.png,0.215116
frame_000271.png,0.238968
frame_000272.png,0.226138
frame_000273.png,0.260667
frame_000274.png,0.209354
frame_000275.png,0.238497
frame_000276.png,0.236125
frame_000277.png,0.259400
frame_000278.png,0.219707
frame_000279.png,0.263243
frame_000280.png,0.238194
frame_000281.png,0.262539
frame_000282.png,0.210706
frame_000283.png,0.260646
frame_000284.png,0.256292
frame_000285.png,0.276117
frame_000286.png,0.218873
frame_000287.png,0.264043
frame_000288.png,0.253237
frame_000289.png,0.283885
frame_000290.png,0.232294
frame_000291.png,0.274169
frame_000292.png,0.248627
frame_000293.png,0.287500
frame_000294.png,0.236424
frame_000295.png,0.276956
frame_000296.png,0.263277
frame_000297.png,0.292407
frame_000298.png,0.248794
frame_000299.png,0.288750
frame_000300.png,0.264419
frame_000301.png,0.293387
frame_000302.png,0.249564
frame_000303.png,0.283991
frame_000304.png,0.282240
frame_000305.png,0.299032
frame_000306.png,0.245540
frame_000307.png,0.290523
frame_000308.png,0.278937
frame_000309.png,0.312845
frame_000310.png,0.250642
frame_000311.png,0.298040
frame_000312.png,0.285258
frame_000313.png,0.314647
frame_000314.png,0.267267
frame_000315.png,0.304767
frame_000316.png,0.288580
frame_000317.png,0.328600
frame_000318.png,0.251998
frame_000319.png,0.304921
frame_000320.png,0.290938
frame_000321.png,0.326155
frame_000322.png,0.259817
frame_000323.png,0.317847
frame_000324.png,0.305513
frame_000325.png,0.333758
frame_000326.png,0.274792
frame_000327.png,0.310413
frame_000328.png,0.308586
frame_000329.png,0.343551
frame_000330.png,0.279927
frame_000331.png,0.329657
frame_000332.png,0.317604
frame_000333.png,0.357330
frame_000334.png,0.300841
frame_000335.png,0.339404
frame_000336.png,0.334288
frame_000337.png,0.367687
frame_000338.png,0.298293
frame_000339.png,0.339105
frame_000340.png,0.322205
frame_000341.png,0.387546
frame_000342.png,0.295278
frame_000343.png,0.360426
frame_000344.png,0.351283
frame_000345.png,0.377269
frame_000346.png,0.318220
frame_000347.png,0.371732
frame_000348.png,0.363899
frame_000349.png,0.376819
frame_000350.png,0.314905
frame_000351.png,0.366163
frame_000352.png,0.356289
frame_000353.png,0.396157
frame_000354.png,0.321630
frame_000355.png,0.367249
frame_000356.png,0.350843
frame_000357.png,0.383175
frame_000358.png,0.324732
frame_000359.png,0.372467
frame_000360.png,0.365050
frame_000361.png,0.376173
frame_000362.png,0.356188
frame_000363.png,0.374824
frame_000364.png,0.374061
frame_000365.png,0.393794
frame_000366.png,0.333385
frame_000367.png,0.378169
frame_000368.png,0.374755
frame_000369.png,0.397803
frame_000370.png,0.329865
frame_000371.png,0.384718
frame_000372.png,0.386881
frame_000373.png,0.404311
frame_000374.png,0.345220
frame_000375.png,0.386314
frame_000376.png,0.384489
frame_000377.png,0.405814
frame_000378.png,0.346775
frame_000379.png,0.399097
frame_000380.png,0.378194
frame_000381.png,0.415095
frame_000382.png,0.345671
frame_000383.png,0.393256
frame_000384.png,0.392614
frame_000385.png,0.418893
frame_000386.png,0.363646
frame_000387.png,0.408210
frame_000388.png,0.392054
frame_000389.png,0.420812
frame_000390.png,0.374495
frame_000391.png,0.410258
frame_000392.png,0.411715
frame_000393.png,0.435893
frame_000394.png,0.375503
frame_000395.png,0.423733
frame_000396.png,0.417421
frame_000397.png,0.434539
frame_000398.png,0.400685
frame_000399.png,0.431578
frame_000400.png,0.434041
frame_000401.png,0.452037
frame_000402.png,0.392056
frame_000403.png,0.433428
frame_000404.png,0.449250
frame_000405.png,0.457135
frame_000406.png,0.417994
frame_000407.png,0.450104
frame_000408.png,0.440739
frame_000409.png,0.479309
frame_000410.png,0.399653
frame_000411.png,0.468131
frame_000412.png,0.461674
frame_000413.png,0.491074
frame_000414.png,0.434115
frame_000415.png,0.486019
frame_000416.png,0.481044
frame_000417.png,0.503708
frame_000418.png,0.433355
frame_000419.png,0.482674
frame_000420.png,0.481256
frame_000421.png,0.484049
frame_000422.png,0.437905
frame_000423.png,0.490814
frame_000424.png,0.475532
frame_000425.png,0.500158
frame_000426.png,0.445235
frame_000427.png,0.502631
frame_000428.png,0.493918
frame_000429.png,0.509715
frame_000430.png,0.458069
frame_000431.png,0.505415
frame_000432.png,0.502317
frame_000433.png,0.517625
frame_000434.png,0.463862
frame_000435.png,0.509772
frame_000436.png,0.497608
frame_000437.png,0.519809
frame_000438.png,0.483875
frame_000439.png,0.541892
frame_000440.png,0.524570
frame_000441.png,0.553432
frame_000442.png,0.483447
frame_000443.png,0.543189
frame_000444.png,0.552650
frame_000445.png,0.558223
frame_000446.png,0.510241
frame_000447.png,0.567404
frame_000448.png,0.557315
frame_000449.png,0.565041
frame_000450.png,0.514763
frame_000451.png,0.573758
frame_000452.png,0.551869
frame_000453.png,0.586852
frame_000454.png,0.518794
frame_000455.png,0.575615
frame_000456.png,0.573453
frame_000457.png,0.593443
frame_000458.png,0.541472
frame_000459.png,0.594651
frame_000460.png,0.590361
frame_000461.png,0.608538
frame_000462.png,0.553619
frame_000463.png,0.609074
frame_000464.png,0.618949
frame_000465.png,0.604427
frame_000466.png,0.579761
frame_000467.png,0.621258
frame_000468.png,0.595704
frame_000469.png,0.595976
frame_000470.png,0.580704
frame_000471.png,0.617826
frame_000472.png,0.617085
frame_000473.png,0.638681
frame_000474.png,0.583449
frame_000475.png,0.628970
frame_000476.png,0.607984
frame_000477.png,0.624803
frame_000478.png,0.574742
frame_000479.png,0.611728
frame_000480.png,0.628474
frame_000481.png,0.650530
frame_000482.png,0.584485
frame_000483.png,0.625370
frame_000484.png,0.619842
frame_000485.png,0.649209
frame_000486.png,0.584527
frame_000487.png,0.641269
frame_000488.png,0.626860
frame_000489.png,0.657753
frame_000490.png,0.610401
frame_000491.png,0.647459
frame_000492.png,0.643281
frame_000493.png,0.654377
frame_000494.png,0.594882
frame_000495.png,0.644701
frame_000496.png,0.649927
frame_000497.png,0.678088
frame_000498.png,0.637012
frame_000499.png,0.604560
frame_000500.png,1.214940
frame_000501.png,0.599363
frame_000502.png,0.635604
frame_000503.png,0.644425
frame_000504.png,0.628681
frame_000505.png,0.648860
frame_000506.png,0.660214
frame_000507.png,0.704213
frame_000508.png,0.629404
frame_000509.png,0.679842
frame_000510.png,0.689192
frame_000511.png,0.705675
frame_000512.png,0.646858
frame_000513.png,0.697770
frame_000514.png,0.682344
frame_000515.png,0.726890
frame_000516.png,0.641657
frame_000517.png,0.700610
frame_000518.png,0.720963
frame_000519.png,0.748181
frame_000520.png,0.674537
frame_000521.png,0.743000
frame_000522.png,0.754095
frame_000523.png,0.753266
frame_000524.png,0.708194
frame_000525.png,0.746229
frame_000526.png,0.741854
frame_000527.png,0.778594
frame_000528.png,0.711074
frame_000529.png,0.757255
frame_000530.png,0.753289
frame_000531.png,0.779334
frame_000532.png,0.745341
frame_000533.png,0.774782
frame_000534.png,0.779641
frame_000535.png,0.795571
frame_000536.png,0.724983
frame_000537.png,0.771505
frame_000538.png,0.787948
frame_000539.png,0.806690
frame_000540.png,0.759761
frame_000541.png,0.812569
frame_000542.png,0.799759
frame_000543.png,0.822988
frame_000544.png,0.758152
frame_000545.png,0.800965
frame_000546.png,0.814844
frame_000547.png,0.829809
frame_000548.png,0.770394
frame_000549.png,0.796348
frame_000550.png,0.805513
frame_000551.png,0.833985
frame_000552.png,0.773005
frame_000553.png,0.810694
frame_000554.png,0.836699
frame_000555.png,0.873889
frame_000556.png,0.807373
frame_000557.png,0.858374
frame_000558.png,0.867622
frame_000559.png,0.888426
frame_000560.png,0.819944
frame_000561.png,0.865156
frame_000562.png,0.884616
frame_000563.png,0.908733
frame_000564.png,0.865089
frame_000565.png,0.906495
frame_000566.png,0.918412
frame_000567.png,0.931699
frame_000568.png,0.876709
frame_000569.png,0.913557
frame_000570.png,0.922789
frame_000571.png,0.939223
frame_000572.png,0.889163
frame_000573.png,0.926040
frame_000574.png,0.954587
frame_000575.png,0.959273
frame_000576.png,0.912330
frame_000577.png,0.938719
frame_000578.png,0.941570
frame_000579.png,0.964888
frame_000580.png,0.928953
frame_000581.png,0.965702
frame_000582.png,0.977369
frame_000583.png,1.000012
frame_000584.png,0.932288
frame_000585.png,0.958621
frame_000586.png,0.960033
frame_000587.png,1.001049
frame_000588.png,0.926755
frame_000589.png,0.981468
frame_000590.png,0.999934
frame_000591.png,1.001437
frame_000592.png,0.938918
frame_000593.png,0.996752
frame_000594.png,1.001744
frame_000595.png,1.030394
frame_000596.png,0.938193
frame_000597.png,0.998067
frame_000598.png,1.000120
frame_000599.png,1.031265
frame_000600.png,0.961007
frame_000601.png,0.999057
frame_000602.png,0.999186
frame_000603.png,1.011507
frame_000604.png,0.939591
frame_000605.png,0.984290
frame_000606.png,0.994055
frame_000607.png,1.018088
frame_000608.png,0.956352
frame_000609.png,0.997440
frame_000610.png,1.015368
frame_000611.png,1.007560
frame_000612.png,0.963679
frame_000613.png,0.995008
frame_000614.png,1.023320
frame_000615.png,1.061669
frame_000616.png,1.012967
frame_000617.png,1.057733
frame_000618.png,1.076998
frame_000619.png,1.086954
frame_000620.png,1.044404
frame_000621.png,1.082147
frame_000622.png,1.092405
frame_000623.png,1.118532
frame_000624.png,1.018953
frame_000625.png,1.076916
frame_000626.png,1.083324
frame_000627.png,1.122338
frame_000628.png,1.034161
frame_000629.png,1.088090
frame_000630.png,1.101385
frame_000631.png,1.131352
frame_000632.png,1.051744
frame_000633.png,1.071651
frame_000634.png,1.075347
frame_000635.png,1.104223
frame_000636.png,1.025496
frame_000637.png,1.071441
frame_000638.png,1.084228
frame_000639.png,1.120309
frame_000640.png,1.024365
frame_000641.png,1.089111
frame_000642.png,1.085355
frame_000643.png,1.099253
frame_000644.png,1.033372
frame_000645.png,1.067049
frame_000646.png,1.082664
frame_000647.png,1.117612
frame_000648.png,1.040706
frame_000649.png,1.079169
frame_000650.png,1.091721
frame_000651.png,1.125511
frame_000652.png,1.065432
frame_000653.png,1.098970
frame_000654.png,1.097143
frame_000655.png,1.126846
frame_000656.png,1.056314
frame_000657.png,1.101943
frame_000658.png,1.107841
frame_000659.png,1.174904
frame_000660.png,1.099821
frame_000661.png,1.100122
frame_000662.png,1.118000
frame_000663.png,1.108953
frame_000664.png,1.067363
frame_000665.png,1.097533
frame_000666.png,1.105947
frame_000667.png,1.164389
frame_000668.png,1.097683
frame_000669.png,1.111782
frame_000670.png,1.106946
frame_000671.png,1.166809
frame_000672.png,1.074483
frame_000673.png,1.118974
frame_000674.png,1.116111
frame_000675.png,1.140775
frame_000676.png,1.077625
frame_000677.png,1.112149
frame_000678.png,1.114497
frame_000679.png,1.149562
frame_000680.png,1.077606
frame_000681.png,1.110993
frame_000682.png,1.131198
frame_000683.png,1.138665
frame_000684.png,1.092361
frame_000685.png,1.121049
frame_000686.png,1.154992
frame_000687.png,1.148029
frame_000688.png,1.099043
frame_000689.png,1.157554
frame_000690.png,1.170988
frame_000691.png,1.199477
frame_000692.png,1.163362
frame_000693.png,1.216779
frame_000694.png,1.245307
frame_000695.png,1.264819
frame_000696.png,1.202944
frame_000697.png,1.270883
frame_000698.png,1.304304
frame_000699.png,1.350230
frame_000700.png,1.269583
frame_000701.png,1.309280
frame_000702.png,1.299367
frame_000703.png,1.299628
frame_000704.png,1.263383
frame_000705.png,1.281289
frame_000706.png,1.289591
frame_000707.png,1.290297
frame_000708.png,1.187635
frame_000709.png,1.238007
frame_000710.png,1.226271
frame_000711.png,1.245253
frame_000712.png,1.147274
frame_000713.png,1.189253
frame_000714.png,1.173229
frame_000715.png,1.207531
frame_000716.png,1.155696
frame_000717.png,1.177294
frame_000718.png,1.200737
frame_000719.png,1.214498
frame_000720.png,1.135837
frame_000721.png,1.170037
frame_000722.png,1.174745
frame_000723.png,1.202560
frame_000724.png,1.148030
frame_000725.png,1.174691
frame_000726.png,1.192872
frame_000727.png,1.204427
frame_000728.png,1.117768
frame_000729.png,1.164527
frame_000730.png,1.166134
frame_000731.png,1.183609
frame_000732.png,1.103601
frame_000733.png,1.155818
frame_000734.png,1.180839
frame_000735.png,1.194973
frame_000736.png,1.178681
frame_000737.png,1.208193
frame_000738.png,1.166985
frame_000739.png,1.183005
frame_000740.png,1.194257
frame_000741.png,1.250988
frame_000742.png,1.198461
frame_000743.png,1.189902
frame_000744.png,1.136989
frame_000745.png,1.198497
frame_000746.png,1.187137
frame_000747.png,1.241919
frame_000748.png,1.138758
frame_000749.png,1.143455
frame_000750.png,1.816036
frame_000751.png,1.161721
frame_000752.png,1.205280
frame_000753.png,1.207606
frame_000754.png,1.131537
frame_000755.png,1.198557
frame_000756.png,1.205872
frame_000757.png,1.287253
frame_000758.png,1.210490
frame_000759.png,1.267785
frame_000760.png,1.313131
frame_000761.png,1.347687
frame_000762.png,1.274597
frame_000763.png,1.333665
frame_000764.png,1.332635
frame_000765.png,1.337317
frame_000766.png,1.257120
frame_000767.png,1.317716
frame_000768.png,1.298966
frame_000769.png,1.304032
frame_000770.png,1.225799
frame_000771.png,1.342066
frame_000772.png,1.322803
frame_000773.png,1.308318
frame_000774.png,1.258013
frame_000775.png,1.342234
frame_000776.png,1.390928
frame_000777.png,1.429404
frame_000778.png,1.362492
frame_000779.png,1.435340
frame_000780.png,1.471491
frame_000781.png,1.505365
frame_000782.png,1.481188
frame_000783.png,1.565617
frame_000784.png,1.571439
frame_000785.png,1.612076
frame_000786.png,1.570920
frame_000787.png,1.608316
frame_000788.png,1.559718
frame_000789.png,1.533370
frame_000790.png,1.473922
frame_000791.png,1.530629
frame_000792.png,1.523015
frame_000793.png,1.610673
frame_000794.png,1.588333
frame_000795.png,1.625980
frame_000796.png,1.620490
frame_000797.png,1.666549
frame_000798.png,1.514425
frame_000799.png,1.512353
frame_000800.png,1.505220
frame_000801.png,1.508304
frame_000802.png,1.428084
frame_000803.png,1.493200
frame_000804.png,1.462529
frame_000805.png,1.501833
frame_000806.png,1.460432
frame_000807.png,1.500951
frame_000808.png,1.510619
frame_000809.png,1.576132
frame_000810.png,1.497951
frame_000811.png,1.459192
frame_000812.png,1.448036
frame_000813.png,1.447693
frame_000814.png,1.346615
frame_000815.png,1.370704
frame_000816.png,1.375544
frame_000817.png,1.390758
frame_000818.png,1.355640
frame_000819.png,1.421912
frame_000820.png,1.457070
frame_000821.png,1.466505
frame_000822.png,1.444869
frame_000823.png,1.529161
frame_000824.png,1.531644
frame_000825.png,1.545752
frame_000826.png,1.518785
frame_000827.png,1.511154
frame_000828.png,1.506671
frame_000829.png,1.515191
frame_000830.png,1.437112
frame_000831.png,1.477845
frame_000832.png,1.585104
frame_000833.png,1.595698
frame_000834.png,1.363266
frame_000835.png,1.384481
frame_000836.png,1.393611
frame_000837.png,1.406238
frame_000838.png,1.337243
frame_000839.png,1.401192
frame_000840.png,1.477278
frame_000841.png,1.517708
frame_000842.png,1.339730
frame_000843.png,1.418887
frame_000844.png,1.442459
frame_000845.png,1.461902
frame_000846.png,1.395779
frame_000847.png,1.484261
frame_000848.png,1.511171
frame_000849.png,1.535791
frame_000850.png,1.475623
frame_000851.png,1.517749
frame_000852.png,1.518615
frame_000853.png,1.586030
frame_000854.png,1.505660
frame_000855.png,1.567259
frame_000856.png,1.578374
frame_000857.png,1.637143
frame_000858.png,1.568472
frame_000859.png,1.620901
frame_000860.png,1.665679
frame_000861.png,1.691466
frame_000862.png,1.586481
frame_000863.png,1.661140
frame_000864.png,1.668044
frame_000865.png,2.003482
frame_000866.png,1.951383
frame_000867.png,1.699363
frame_000868.png,1.695262
frame_000869.png,1.710785
frame_000870.png,1.599144
frame_000871.png,1.631746
frame_000872.png,1.622650
frame_000873.png,1.640756
frame_000874.png,1.583077
frame_000875.png,1.616750
frame_000876.png,1.620947
frame_000877.png,1.658154
frame_000878.png,1.564904
frame_000879.png,1.587353
frame_000880.png,1.605368
frame_000881.png,1.623779
frame_000882.png,1.503995
frame_000883.png,2.221827
frame_000884.png,2.264641
frame_000885.png,1.598075
frame_000886.png,1.539655
frame_000887.png,1.530544
frame_000888.png,1.514655
frame_000889.png,1.507905
frame_000890.png,2.702234
frame_000891.png,2.802270
frame_000892.png,1.498169
frame_000893.png,1.502076
frame_000894.png,1.449917
frame_000895.png,1.481603
frame_000896.png,1.506331
frame_000897.png,1.521861
frame_000898.png,1.440586
frame_000899.png,1.509944
frame_000900.png,1.514063
frame_000901.png,1.553675
frame_000902.png,2.924871
frame_000903.png,0.000000
frame_000904.png,1.531470
frame_000905.png,1.563119
frame_000906.png,1.528789
frame_000907.png,1.578220
frame_000908.png,1.558764
frame_000909.png,1.576825
frame_000910.png,1.532259
frame_000911.png,1.607843
frame_000912.png,1.585152
frame_000913.png,1.627934
frame_000914.png,1.534950
frame_000915.png,1.583324
frame_000916.png,1.580939
frame_000917.png,1.646983
frame_000918.png,1.557413
frame_000919.png,1.631429
frame_000920.png,1.631561
frame_000921.png,1.664738
frame_000922.png,1.564975
frame_000923.png,1.684226
frame_000924.png,1.688974
frame_000925.png,1.743771
frame_000926.png,1.670598
frame_000927.png,1.802679
frame_000928.png,1.835239
frame_000929.png,1.882980
frame_000930.png,1.787838
frame_000931.png,1.917508
frame_000932.png,1.917525
frame_000933.png,1.937375
frame_000934.png,1.868958
frame_000935.png,1.986933
frame_000936.png,1.976914
frame_000937.png,2.044028
frame_000938.png,1.964007
frame_000939.png,2.077922
frame_000940.png,2.112047
frame_000941.png,2.166960
frame_000942.png,2.039491
frame_000943.png,2.114329
frame_000944.png,2.096929
frame_000945.png,2.089863
frame_000946.png,2.014620
frame_000947.png,2.058993
frame_000948.png,2.049759
frame_000949.png,2.030367
frame_000950.png,1.922068
frame_000951.png,1.925224
frame_000952.png,1.945035
frame_000953.png,1.926373
frame_000954.png,1.796464
frame_000955.png,1.829525
frame_000956.png,1.842778
frame_000957.png,1.836090
frame_000958.png,1.752324
frame_000959.png,1.792569
frame_000960.png,1.771061
frame_000961.png,3.418235
frame_000962.png,0.000000
frame_000963.png,1.753029
frame_000964.png,1.763015
frame_000965.png,1.836084
frame_000966.png,1.696134
frame_000967.png,1.767010
frame_000968.png,4.673792
frame_000969.png,0.000000
frame_000970.png,0.000000
frame_000971.png,1.774969
frame_000972.png,1.772253
frame_000973.png,1.801144
frame_000974.png,1.702882
frame_000975.png,1.736408
frame_000976.png,1.773297
frame_000977.png,1.830388
frame_000978.png,1.741038
frame_000979.png,1.760858
frame_000980.png,1.780079
frame_000981.png,1.825777
frame_000982.png,1.738169
frame_000983.png,1.759253
frame_000984.png,1.775870
frame_000985.png,1.791912
frame_000986.png,1.718148
frame_000987.png,1.761991
frame_000988.png,1.768931
frame_000989.png,1.806807
frame_000990.png,1.725721
frame_000991.png,1.782361
frame_000992.png,3.354277
frame_000993.png,0.000000
frame_000994.png,1.736535
frame_000995.png,1.786289
frame_000996.png,1.799074
frame_000997.png,1.823268
frame_000998.png,1.762035
frame_000999.png,1.738164
frame_001000.png,2.446350
frame_001001.png,1.780527
frame_001002.png,1.832112
frame_001003.png,1.852635
frame_001004.png,1.794454
frame_001005.png,1.852076
frame_001006.png,1.864039
frame_001007.png,1.925750
frame_001008.png,1.845529
frame_001009.png,1.876728
frame_001010.png,1.937058
frame_001011.png,1.947975
frame_001012.png,1.873032
frame_001013.png,1.920623
frame_001014.png,1.925008
frame_001015.png,1.969375
frame_001016.png,1.866624
frame_001017.png,1.938586
frame_001018.png,1.965988
frame_001019.png,2.026096
frame_001020.png,1.952936
frame_001021.png,1.992216
frame_001022.png,2.022928
frame_001023.png,2.018920
frame_001024.png,1.925376
frame_001025.png,1.978885
frame_001026.png,2.002944
frame_001027.png,2.043443
frame_001028.png,1.970795
frame_001029.png,2.008532
frame_001030.png,2.008810
frame_001031.png,2.061148
frame_001032.png,1.964387
frame_001033.png,2.031335
frame_001034.png,2.048804
frame_001035.png,2.081015
frame_001036.png,2.007149
frame_001037.png,2.043235
frame_001038.png,2.046217
frame_001039.png,2.079412
frame_001040.png,2.008281
frame_001041.png,2.065413
frame_001042.png,2.088893
frame_001043.png,2.126960
frame_001044.png,3.577838
frame_001045.png,0.000000
frame_001046.png,2.092128
frame_001047.png,2.150781
frame_001048.png,2.054543
frame_001049.png,2.078852
frame_001050.png,2.071383
frame_001051.png,2.068530
frame_001052.png,1.982797
frame_001053.png,2.032431
frame_001054.png,2.055268
frame_001055.png,2.053530
frame_001056.png,2.007338
frame_001057.png,2.025694
frame_001058.png,2.020779
frame_001059.png,2.050579
frame_001060.png,3.503015
frame_001061.png,0.000000
frame_001062.png,2.036260
frame_001063.png,2.050258
frame_001064.png,1.991777
frame_001065.png,2.034738
frame_001066.png,3.654848
frame_001067.png,0.000000
frame_001068.png,1.981952
frame_001069.png,2.039456
frame_001070.png,2.054686
frame_001071.png,2.100982
frame_001072.png,1.985831
frame_001073.png,2.035656
frame_001074.png,2.048897
frame_001075.png,2.051204
frame_001076.png,1.974226
frame_001077.png,2.011605
frame_001078.png,2.007317
frame_001079.png,2.055498
frame_001080.png,2.010270
frame_001081.png,2.059525
frame_001082.png,2.085505
frame_001083.png,2.115801
frame_001084.png,2.038164
frame_001085.png,2.069699
frame_001086.png,2.066752
frame_001087.png,2.124902
frame_001088.png,2.061001
frame_001089.png,2.108137
frame_001090.png,2.140424
frame_001091.png,2.179950
frame_001092.png,2.147189
frame_001093.png,2.176294
frame_001094.png,2.196786
frame_001095.png,3.846642
frame_001096.png,0.000000
frame_001097.png,2.162820
frame_001098.png,2.203466
frame_001099.png,2.232236
frame_001100.png,2.157641
frame_001101.png,2.228044
frame_001102.png,2.221103
frame_001103.png,2.261127
frame_001104.png,2.160428
frame_001105.png,2.219740
frame_001106.png,2.240347
frame_001107.png,2.275233
frame_001108.png,2.203295
frame_001109.png,2.245538
frame_001110.png,2.265658
frame_001111.png,2.325866
frame_001112.png,2.242056
frame_001113.png,2.294323
frame_001114.png,2.332039
frame_001115.png,2.393057
frame_001116.png,2.329234
frame_001117.png,2.397897
frame_001118.png,2.388748
frame_001119.png,2.459680
frame_001120.png,2.361310
frame_001121.png,2.404489
frame_001122.png,2.402558
frame_001123.png,2.424086
frame_001124.png,2.327882
frame_001125.png,2.365463
frame_001126.png,2.382782
frame_001127.png,2.375498
frame_001128.png,2.299045
frame_001129.png,2.359525
frame_001130.png,2.364551
frame_001131.png,2.392052
frame_001132.png,2.329606
frame_001133.png,2.348250
frame_001134.png,2.340951
frame_001135.png,2.338407
frame_001136.png,2.279240
frame_001137.png,2.305772
frame_001138.png,2.298949
frame_001139.png,2.311688
frame_001140.png,2.220401
frame_001141.png,2.271057
frame_001142.png,2.282737
frame_001143.png,2.310575
frame_001144.png,2.189539
frame_001145.png,2.240918
frame_001146.png,2.240473
frame_001147.png,2.260739
frame_001148.png,2.183441
frame_001149.png,2.206860
frame_001150.png,2.234099
frame_001151.png,2.262758
frame_001152.png,2.182818
frame_001153.png,2.233625
frame_001154.png,2.234099
frame_001155.png,2.250878
frame_001156.png,2.208360
frame_001157.png,2.236682
frame_001158.png,2.251516
frame_001159.png,2.261987
frame_001160.png,2.190041
frame_001161.png,2.233980
frame_001162.png,2.251318
frame_001163.png,2.244188
frame_001164.png,2.197529
frame_001165.png,2.226271
frame_001166.png,2.256354
frame_001167.png,2.297207
frame_001168.png,2.188403
frame_001169.png,2.232780
frame_001170.png,2.247770
frame_001171.png,2.283650
frame_001172.png,2.196997
frame_001173.png,2.248964
frame_001174.png,2.243607
frame_001175.png,2.317296
frame_001176.png,2.201861
frame_001177.png,2.264026
frame_001178.png,2.265376
frame_001179.png,2.284797
frame_001180.png,2.186923
frame_001181.png,2.219608
frame_001182.png,2.263702
frame_001183.png,2.279514
frame_001184.png,2.207502
frame_001185.png,2.230862
frame_001186.png,2.211279
frame_001187.png,2.247575
frame_001188.png,2.174900
frame_001189.png,2.225808
frame_001190.png,2.233785
frame_001191.png,2.259425
frame_001192.png,2.183347
frame_001193.png,2.230361
frame_001194.png,2.238681
frame_001195.png,2.265648
frame_001196.png,2.214788
frame_001197.png,2.246956
frame_001198.png,2.275135
frame_001199.png,2.286003
frame_001200.png,2.222515
frame_001201.png,3.967404
frame_001202.png,0.000000
frame_001203.png,2.340882
frame_001204.png,2.269205
frame_001205.png,2.326813
frame_001206.png,2.341547
frame_001207.png,2.377793
frame_001208.png,2.318954
frame_001209.png,2.379570
frame_001210.png,2.388368
frame_001211.png,2.435700
frame_001212.png,2.377720
frame_001213.png,2.438870
frame_001214.png,2.462633
frame_001215.png,2.507332
frame_001216.png,2.466412
frame_001217.png,2.479749
frame_001218.png,4.226416
frame_001219.png,0.000000
frame_001220.png,2.475947
frame_001221.png,2.529844
frame_001222.png,2.539551
frame_001223.png,2.590201
frame_001224.png,2.544157
frame_001225.png,4.342799
frame_001226.png,0.000000
frame_001227.png,2.594552
frame_001228.png,2.539232
frame_001229.png,2.580224
frame_001230.png,2.573854
frame_001231.png,2.602392
frame_001232.png,2.528299
frame_001233.png,2.743972
frame_001234.png,2.768152
frame_001235.png,2.596069
frame_001236.png,2.563800
frame_001237.png,2.590536
frame_001238.png,2.599587
frame_001239.png,2.635799
frame_001240.png,2.583843
frame_001241.png,2.633561
frame_001242.png,2.622085
frame_001243.png,2.630951
frame_001244.png,2.591765
frame_001245.png,2.628794
frame_001246.png,2.665093
frame_001247.png,2.676510
frame_001248.png,2.612506
frame_001249.png,2.587623
frame_001250.png,3.062280
frame_001251.png,2.631236
frame_001252.png,2.656759
frame_001253.png,2.696985
frame_001254.png,2.643403
frame_001255.png,2.688812
frame_001256.png,2.723318
frame_001257.png,2.762049
frame_001258.png,2.735004
frame_001259.png,2.779705
frame_001260.png,2.816300
frame_001261.png,2.805150
frame_001262.png,2.764493
frame_001263.png,2.800577
frame_001264.png,2.794755
frame_001265.png,2.836341
frame_001266.png,2.793804
frame_001267.png,2.811481
frame_001268.png,2.849373
frame_001269.png,2.889151
frame_001270.png,2.852658
frame_001271.png,2.857400
frame_001272.png,2.845554
frame_001273.png,2.866217
frame_001274.png,2.817785
frame_001275.png,2.833397
frame_001276.png,2.863767
frame_001277.png,2.864909
frame_001278.png,2.837984
frame_001279.png,2.863262
frame_001280.png,2.868578
frame_001281.png,2.896752
frame_001282.png,2.880519
frame_001283.png,2.902807
frame_001284.png,2.898733
frame_001285.png,2.924844
frame_001286.png,2.876634
frame_001287.png,2.910463
frame_001288.png,2.909248
frame_001289.png,2.940615
frame_001290.png,2.885932
frame_001291.png,2.874458
frame_001292.png,2.888953
frame_001293.png,2.904898
frame_001294.png,2.836991
frame_001295.png,2.865689
frame_001296.png,2.868299
frame_001297.png,2.878162
frame_001298.png,2.857618
frame_001299.png,2.882612
frame_001300.png,2.888839
frame_001301.png,2.896400
frame_001302.png,2.877500
frame_001303.png,2.905534
frame_001304.png,2.926019
frame_001305.png,2.933100
frame_001306.png,2.880060
frame_001307.png,2.905083
frame_001308.png,2.924470
frame_001309.png,2.936464
frame_001310.png,2.923256
frame_001311.png,2.972805
frame_001312.png,2.969498
frame_001313.png,2.977921
frame_001314.png,2.971038
frame_001315.png,2.981877
frame_001316.png,2.956771
frame_001317.png,2.974524
frame_001318.png,2.938513
frame_001319.png,2.977378
frame_001320.png,2.957483
frame_001321.png,2.952365
frame_001322.png,2.924493
frame_001323.png,2.984414
frame_001324.png,2.971520
frame_001325.png,2.983084
frame_001326.png,2.965536
frame_001327.png,3.017776
frame_001328.png,2.997095
frame_001329.png,3.014211
frame_001330.png,2.985721
frame_001331.png,3.004294
frame_001332.png,3.012344
frame_001333.png,3.043115
frame_001334.png,3.007079
frame_001335.png,3.032797
frame_001336.png,3.018262
frame_001337.png,3.018366
frame_001338.png,3.013738
frame_001339.png,3.017566
frame_001340.png,3.016225
frame_001341.png,3.020843
frame_001342.png,3.001543
frame_001343.png,3.022785
frame_001344.png,2.998071
frame_001345.png,3.021206
frame_001346.png,2.992504
frame_001347.png,3.048821
frame_001348.png,3.088908
frame_001349.png,3.062982
frame_001350.png,3.014851
frame_001351.png,3.041107
frame_001352.png,2.992685
frame_001353.png,3.023056
frame_001354.png,2.987855
frame_001355.png,2.987554
frame_001356.png,2.980199
frame_001357.png,2.979253
frame_001358.png,3.004246
frame_001359.png,3.060233
frame_001360.png,3.062755
frame_001361.png,3.030355
frame_001362.png,2.964439
frame_001363.png,2.957047
frame_001364.png,2.908077
frame_001365.png,2.922438
frame_001366.png,2.876262
frame_001367.png,2.916188
frame_001368.png,2.870181
frame_001369.png,2.849722
frame_001370.png,2.820839
frame_001371.png,2.865758
frame_001372.png,2.808771
frame_001373.png,2.832568
frame_001374.png,2.777215
frame_001375.png,2.782818
frame_001376.png,2.760372
frame_001377.png,2.748183
frame_001378.png,2.720297
frame_001379.png,2.719595
frame_001380.png,2.712118
frame_001381.png,2.705064
frame_001382.png,2.669282
frame_001383.png,2.659911
frame_001384.png,2.660610
frame_001385.png,2.657116
frame_001386.png,2.636927
frame_001387.png,2.655866
frame_001388.png,2.624659
frame_001389.png,2.623918
frame_001390.png,2.587942
frame_001391.png,2.597859
frame_001392.png,2.549064
frame_001393.png,2.514944
frame_001394.png,2.458063
frame_001395.png,2.418459
frame_001396.png,2.374842
frame_001397.png,2.350204
frame_001398.png,2.314628
frame_001399.png,2.318401
frame_001400.png,2.253673
frame_001401.png,2.221763
frame_001402.png,2.146701
frame_001403.png,2.146300
frame_001404.png,2.092296
frame_001405.png,2.050696
frame_001406.png,1.999329
frame_001407.png,1.980270
frame_001408.png,1.956792
frame_001409.png,1.949716
frame_001410.png,1.903509
frame_001411.png,1.911449
frame_001412.png,1.894057
frame_001413.png,1.884686
frame_001414.png,1.883468
frame_001415.png,1.931208
frame_001416.png,1.910172
frame_001417.png,1.918326
frame_001418.png,1.896082
frame_001419.png,1.889711
frame_001420.png,1.899869
frame_001421.png,1.916761
frame_001422.png,1.877432
frame_001423.png,1.916889
frame_001424.png,1.924174
frame_001425.png,1.971173
frame_001426.png,1.897351
frame_001427.png,1.939915
frame_001428.png,1.934128
frame_001429.png,1.946813
frame_001430.png,1.911777
frame_001431.png,1.956495
frame_001432.png,1.941620
frame_001433.png,1.985635
frame_001434.png,1.912174
frame_001435.png,1.951798
frame_001436.png,1.943092
frame_001437.png,1.968493
frame_001438.png,1.908056
frame_001439.png,1.953559
frame_001440.png,1.933517
frame_001441.png,1.955737
frame_001442.png,1.899801
frame_001443.png,1.931248
frame_001444.png,1.952647
frame_001445.png,1.933175
frame_001446.png,1.902184
frame_001447.png,1.931852
frame_001448.png,1.950177
frame_001449.png,1.971985
frame_001450.png,1.904967
frame_001451.png,1.918675
frame_001452.png,1.958802
frame_001453.png,1.950716
frame_001454.png,1.916993
frame_001455.png,1.942429
frame_001456.png,1.964823
frame_001457.png,1.995206
frame_001458.png,1.949647
frame_001459.png,1.981607
frame_001460.png,1.956265
frame_001461.png,1.996742
frame_001462.png,1.919988
frame_001463.png,1.967770
frame_001464.png,1.974147
frame_001465.png,1.976923
frame_001466.png,1.916997
frame_001467.png,1.964551
frame_001468.png,1.937515
frame_001469.png,1.982971
frame_001470.png,1.872419
frame_001471.png,1.919396
frame_001472.png,1.869913
frame_001473.png,1.927049
frame_001474.png,1.888289
frame_001475.png,1.905748
frame_001476.png,1.919518
frame_001477.png,1.936007
frame_001478.png,1.892230
frame_001479.png,1.910627
frame_001480.png,1.895696
frame_001481.png,1.910172
frame_001482.png,1.860976
frame_001483.png,1.899491
frame_001484.png,1.895521
frame_001485.png,1.947224
frame_001486.png,1.900843
frame_001487.png,1.918696
frame_001488.png,1.908764
frame_001489.png,1.963681
frame_001490.png,1.904151
frame_001491.png,1.933335
frame_001492.png,1.952537
frame_001493.png,1.970160
frame_001494.png,1.895172
frame_001495.png,1.913054
frame_001496.png,1.932147
frame_001497.png,1.935650
frame_001498.png,1.841742
frame_001499.png,1.828372
frame_001500.png,2.252475
frame_001501.png,1.854234
frame_001502.png,1.873538
frame_001503.png,1.911090
frame_001504.png,1.835054
frame_001505.png,1.861900
frame_001506.png,1.858816
frame_001507.png,1.867813
frame_001508.png,1.827226
frame_001509.png,1.864390
frame_001510.png,1.886568
frame_001511.png,1.919037
frame_001512.png,1.855511
frame_001513.png,1.902485
frame_001514.png,1.917039
frame_001515.png,1.941794
frame_001516.png,1.877548
frame_001517.png,1.930559
frame_001518.png,1.938081
frame_001519.png,1.934578
frame_001520.png,1.853754
frame_001521.png,1.902701
frame_001522.png,1.883488
frame_001523.png,1.931923
frame_001524.png,1.880255
frame_001525.png,1.902039
frame_001526.png,1.933447
frame_001527.png,1.953021
frame_001528.png,1.890274
frame_001529.png,1.934045
frame_001530.png,1.958090
frame_001531.png,1.995480
frame_001532.png,1.939358
frame_001533.png,1.974111
frame_001534.png,2.005320
frame_001535.png,2.019117
frame_001536.png,1.949194
frame_001537.png,2.011011
frame_001538.png,2.021152
frame_001539.png,2.060710
frame_001540.png,1.976258
frame_001541.png,2.001026
frame_001542.png,2.018943
frame_001543.png,2.028611
frame_001544.png,1.965629
frame_001545.png,1.974028
frame_001546.png,2.000002
frame_001547.png,1.987238
frame_001548.png,1.934361
frame_001549.png,1.972357
frame_001550.png,2.005482
frame_001551.png,2.030976
frame_001552.png,1.951441
frame_001553.png,1.999184
frame_001554.png,1.957411
frame_001555.png,2.024429
frame_001556.png,1.915733
frame_001557.png,1.982390
frame_001558.png,1.999186
frame_001559.png,2.029975
frame_001560.png,1.939273
frame_001561.png,1.984443
frame_001562.png,1.986356
frame_001563.png,2.001971
frame_001564.png,1.941779
frame_001565.png,1.973883
frame_001566.png,2.010552
frame_001567.png,2.042203
frame_001568.png,1.948845
frame_001569.png,1.991738
frame_001570.png,2.011746
frame_001571.png,2.031453
frame_001572.png,1.940179
frame_001573.png,1.984286
frame_001574.png,2.002373
frame_001575.png,2.011038
frame_001576.png,1.934097
frame_001577.png,1.970318
frame_001578.png,1.976753
frame_001579.png,2.001115
frame_001580.png,1.893474
frame_001581.png,1.941848
frame_001582.png,1.941115
frame_001583.png,1.944296
frame_001584.png,1.915982
frame_001585.png,1.959452
frame_001586.png,1.897269
frame_001587.png,1.930079
frame_001588.png,1.827803
frame_001589.png,1.865503
frame_001590.png,1.860181
frame_001591.png,1.877432
frame_001592.png,1.792072
frame_001593.png,1.859620
frame_001594.png,1.830307
frame_001595.png,1.845334
frame_001596.png,1.782199
frame_001597.png,1.813252
frame_001598.png,1.839113
frame_001599.png,1.860982
frame_001600.png,1.788380
frame_001601.png,1.809495
frame_001602.png,1.836725
frame_001603.png,1.883569
frame_001604.png,1.770509
frame_001605.png,1.832890
frame_001606.png,1.831427
frame_001607.png,1.841626
frame_001608.png,1.788013
frame_001609.png,1.826744
frame_001610.png,1.799190
frame_001611.png,1.814329
frame_001612.png,1.724635
frame_001613.png,1.752099
frame_001614.png,1.792425
frame_001615.png,1.801192
frame_001616.png,1.708762
frame_001617.png,1.772986
frame_001618.png,1.758879
frame_001619.png,1.805380
frame_001620.png,1.777911
frame_001621.png,1.828451
frame_001622.png,1.823328
frame_001623.png,1.847558
frame_001624.png,1.790534
frame_001625.png,1.836557
frame_001626.png,1.831289
frame_001627.png,1.847598
frame_001628.png,1.765280
frame_001629.png,1.814786
frame_001630.png,1.818794
frame_001631.png,1.817654
frame_001632.png,1.758667
frame_001633.png,1.824861
frame_001634.png,1.845793
frame_001635.png,1.873030
frame_001636.png,1.786015
frame_001637.png,1.846370
frame_001638.png,1.865475
frame_001639.png,1.869404
frame_001640.png,1.818291
frame_001641.png,1.847982
frame_001642.png,1.874277
frame_001643.png,1.878814
frame_001644.png,1.814483
frame_001645.png,1.864770
frame_001646.png,1.887504
frame_001647.png,1.906879
frame_001648.png,1.831316
frame_001649.png,1.919159
frame_001650.png,1.892465
frame_001651.png,1.876144
frame_001652.png,1.885143
frame_001653.png,1.904225
frame_001654.png,1.895837
frame_001655.png,1.941753
frame_001656.png,1.865276
frame_001657.png,1.898426
frame_001658.png,1.948416
frame_001659.png,1.953686
frame_001660.png,1.813345
frame_001661.png,1.865581
frame_001662.png,1.888279
frame_001663.png,1.905581
frame_001664.png,1.868029
frame_001665.png,1.883038
frame_001666.png,1.918106
frame_001667.png,1.963260
frame_001668.png,1.885527
frame_001669.png,1.901387
frame_001670.png,1.924223
frame_001671.png,1.915415
frame_001672.png,1.832691
frame_001673.png,1.850179
frame_001674.png,1.928781
frame_001675.png,1.938517
frame_001676.png,1.787382
frame_001677.png,1.815365
frame_001678.png,1.880743
frame_001679.png,1.898412
frame_001680.png,1.741753
frame_001681.png,1.760305
frame_001682.png,1.770085
frame_001683.png,1.785889
frame_001684.png,1.703115
frame_001685.png,1.755006
frame_001686.png,1.777907
frame_001687.png,1.787031
frame_001688.png,1.716294
frame_001689.png,1.755941
frame_001690.png,1.776146
frame_001691.png,1.797596
frame_001692.png,1.737539
frame_001693.png,1.760149
frame_001694.png,1.783295
frame_001695.png,1.802332
frame_001696.png,1.749711
frame_001697.png,1.790764
frame_001698.png,1.784381
frame_001699.png,1.804952
frame_001700.png,1.729053
frame_001701.png,1.771923
frame_001702.png,1.770498
frame_001703.png,1.810870
frame_001704.png,1.745237
frame_001705.png,1.764483
frame_001706.png,1.780536
frame_001707.png,1.797488
frame_001708.png,1.763052
frame_001709.png,1.867006
frame_001710.png,1.874495
frame_001711.png,1.900104
frame_001712.png,1.824059
frame_001713.png,1.802311
frame_001714.png,1.800606
frame_001715.png,1.824120
frame_001716.png,1.778328
frame_001717.png,1.836454
frame_001718.png,1.835536
frame_001719.png,1.845718
frame_001720.png,1.779163
frame_001721.png,1.817882
frame_001722.png,1.821541
frame_001723.png,1.850262
frame_001724.png,1.881252
frame_001725.png,1.916875
frame_001726.png,1.828918
frame_001727.png,1.837294
frame_001728.png,1.878752
frame_001729.png,1.900654
frame_001730.png,1.820909
frame_001731.png,1.848592
frame_001732.png,1.795982
frame_001733.png,1.830291
frame_001734.png,1.824238
frame_001735.png,1.860058
frame_001736.png,1.789008
frame_001737.png,1.812716
frame_001738.png,1.802361
frame_001739.png,1.862851
frame_001740.png,1.756061
frame_001741.png,1.812886
frame_001742.png,1.816169
frame_001743.png,1.817996
frame_001744.png,1.782292
frame_001745.png,1.813692
frame_001746.png,1.811821
frame_001747.png,1.820475
frame_001748.png,1.793555
frame_001749.png,1.733229
frame_001750.png,2.233594
frame_001751.png,1.772483
frame_001752.png,1.785095
frame_001753.png,1.785293
frame_001754.png,1.741937
frame_001755.png,1.779751
frame_001756.png,1.746165
frame_001757.png,1.801578
frame_001758.png,1.734670
frame_001759.png,1.758092
frame_001760.png,1.766356
frame_001761.png,1.801601
frame_001762.png,1.766136
frame_001763.png,1.781557
frame_001764.png,1.796235
frame_001765.png,1.796080
frame_001766.png,1.735750
frame_001767.png,1.731889
frame_001768.png,1.718802
frame_001769.png,1.755820
frame_001770.png,1.729979
frame_001771.png,1.753860
frame_001772.png,1.711514
frame_001773.png,1.718135
frame_001774.png,1.641335
frame_001775.png,1.676194
frame_001776.png,1.693011
frame_001777.png,1.694718
frame_001778.png,1.673451
frame_001779.png,1.691887
frame_001780.png,1.689693
frame_001781.png,1.699425
frame_001782.png,1.657859
frame_001783.png,1.680480
frame_001784.png,1.659082
frame_001785.png,1.672658
frame_001786.png,1.615494
frame_001787.png,1.657704
frame_001788.png,1.654217
frame_001789.png,1.652328
frame_001790.png,1.609944
frame_001791.png,1.645536
frame_001792.png,1.627326
frame_001793.png,1.624807
frame_001794.png,1.611618
frame_001795.png,1.635251
frame_001796.png,1.642938
frame_001797.png,1.627596
frame_001798.png,1.587768
frame_001799.png,1.610496
frame_001800.png,1.611541
frame_001801.png,1.618166
frame_001802.png,1.587257
frame_001803.png,1.609589
frame_001804.png,1.625617
frame_001805.png,1.654090
frame_001806.png,1.590804
frame_001807.png,1.650176
frame_001808.png,1.654556
frame_001809.png,1.655258
frame_001810.png,1.622247
frame_001811.png,1.664091
frame_001812.png,1.658796
frame_001813.png,1.673326
frame_001814.png,1.628166
frame_001815.png,1.661916
frame_001816.png,1.664942
frame_001817.png,1.688738
frame_001818.png,1.660029
frame_001819.png,1.694363
frame_001820.png,1.700781
frame_001821.png,1.721285
frame_001822.png,1.677631
frame_001823.png,1.734130
frame_001824.png,1.734803
frame_001825.png,1.737369
frame_001826.png,1.707054
frame_001827.png,1.749311
frame_001828.png,1.755723
frame_001829.png,1.763067
frame_001830.png,1.739400
frame_001831.png,1.764400
frame_001832.png,1.763970
frame_001833.png,1.773162
frame_001834.png,1.757523
frame_001835.png,1.795488
frame_001836.png,1.774707
frame_001837.png,1.790577
frame_001838.png,1.772892
frame_001839.png,1.812905
frame_001840.png,1.804485
frame_001841.png,1.810963
frame_001842.png,1.780394
frame_001843.png,1.810785
frame_001844.png,1.800341
frame_001845.png,1.833310
frame_001846.png,1.799184
frame_001847.png,1.821624
frame_001848.png,1.881080
frame_001849.png,1.869433
frame_001850.png,1.760785
frame_001851.png,1.796769
frame_001852.png,1.813985
frame_001853.png,1.817629
frame_001854.png,1.792915
frame_001855.png,1.829813
frame_001856.png,1.839199
frame_001857.png,1.836213
frame_001858.png,1.794066
frame_001859.png,1.817940
frame_001860.png,1.833102
frame_001861.png,1.845693
frame_001862.png,1.809481
frame_001863.png,1.842996
frame_001864.png,1.825986
frame_001865.png,1.833657
frame_001866.png,1.808987
frame_001867.png,1.837504
frame_001868.png,1.824892
frame_001869.png,1.849064
frame_001870.png,1.811578
frame_001871.png,1.848814
frame_001872.png,1.851209
frame_001873.png,1.869334
frame_001874.png,1.824880
frame_001875.png,1.861478
frame_001876.png,1.879039
frame_001877.png,1.888150
frame_001878.png,1.804938
frame_001879.png,1.878877
frame_001880.png,1.852581
frame_001881.png,1.895586
frame_001882.png,1.848796
frame_001883.png,1.884529
frame_001884.png,1.890054
frame_001885.png,1.929167
frame_001886.png,1.951726
frame_001887.png,1.981082
frame_001888.png,1.965534
frame_001889.png,1.972037
frame_001890.png,1.945831
frame_001891.png,1.958669
frame_001892.png,1.963285
frame_001893.png,1.942955
frame_001894.png,1.880054
frame_001895.png,1.962650
frame_001896.png,1.947386
frame_001897.png,1.985797
frame_001898.png,1.905226
frame_001899.png,1.955351
frame_001900.png,1.937240
frame_001901.png,2.062456
frame_001902.png,2.019907
frame_001903.png,1.985812
frame_001904.png,1.943924
frame_001905.png,1.960253
frame_001906.png,1.914167
frame_001907.png,1.958507
frame_001908.png,1.936910
frame_001909.png,1.954161
frame_001910.png,1.946495
frame_001911.png,2.030799
frame_001912.png,2.042828
frame_001913.png,2.081524
frame_001914.png,1.970812
frame_001915.png,1.985702
frame_001916.png,1.988113
frame_001917.png,1.959381
frame_001918.png,1.867714
frame_001919.png,1.863293
frame_001920.png,1.789184
frame_001921.png,1.766044
frame_001922.png,1.714932
frame_001923.png,1.744765
frame_001924.png,1.718432
frame_001925.png,1.706856
frame_001926.png,1.660706
frame_001927.png,1.700012
frame_001928.png,1.666927
frame_001929.png,1.671364
frame_001930.png,1.622857
frame_001931.png,1.635469
frame_001932.png,1.651416
frame_001933.png,1.647126
frame_001934.png,1.577305
frame_001935.png,1.612078
frame_001936.png,1.682303
frame_001937.png,1.617863
frame_001938.png,1.659020
frame_001939.png,1.603077
frame_001940.png,1.594695
frame_001941.png,1.599994
frame_001942.png,1.545411
frame_001943.png,1.599134
frame_001944.png,1.575772
frame_001945.png,1.585191
frame_001946.png,1.526956
frame_001947.png,1.570938
frame_001948.png,1.558337
frame_001949.png,1.564576
frame_001950.png,1.504221
frame_001951.png,1.536551
frame_001952.png,1.584581
frame_001953.png,1.603717
frame_001954.png,1.479603
frame_001955.png,1.493129
frame_001956.png,1.516838
frame_001957.png,1.526480
frame_001958.png,1.428764
frame_001959.png,1.489745
frame_001960.png,1.482930
frame_001961.png,1.506310
frame_001962.png,1.423154
frame_001963.png,1.457718
frame_001964.png,1.451113
frame_001965.png,1.469315
frame_001966.png,1.409593
frame_001967.png,1.442477
frame_001968.png,1.452953
frame_001969.png,1.440868
frame_001970.png,1.400885
frame_001971.png,1.418414
frame_001972.png,1.417917
frame_001973.png,1.447598
frame_001974.png,1.351042
frame_001975.png,1.401308
frame_001976.png,1.413216
frame_001977.png,1.442907
frame_001978.png,1.359493
frame_001979.png,1.403426
frame_001980.png,1.401375
frame_001981.png,1.443852
frame_001982.png,1.385999
frame_001983.png,1.423613
frame_001984.png,1.437658
frame_001985.png,1.435812
frame_001986.png,1.367944
frame_001987.png,1.417882
frame_001988.png,1.440486
frame_001989.png,1.442342
frame_001990.png,1.382890
frame_001991.png,1.416717
frame_001992.png,1.456298
frame_001993.png,1.462841
frame_001994.png,1.409589
frame_001995.png,1.447222
frame_001996.png,1.461831
frame_001997.png,1.506563
frame_001998.png,1.470872
frame_001999.png,1.479103
frame_002000.png,2.095666
frame_002001.png,1.612978
frame_002002.png,1.731831
frame_002003.png,1.794429
frame_002004.png,1.832377
frame_002005.png,1.891105
frame_002006.png,1.909091
frame_002007.png,1.958013
frame_002008.png,1.944929
frame_002009.png,1.972124
frame_002010.png,1.945017
frame_002011.png,1.950073
frame_002012.png,1.858434
frame_002013.png,1.929473
frame_002014.png,1.978459
frame_002015.png,2.071256
frame_002016.png,2.017184
frame_002017.png,2.108142
frame_002018.png,2.178721
frame_002019.png,2.245382
frame_002020.png,2.183289
frame_002021.png,2.242269
frame_002022.png,2.287830
frame_002023.png,2.311883
frame_002024.png,2.232442
frame_002025.png,2.318050
frame_002026.png,2.370561
frame_002027.png,2.445459
frame_002028.png,2.441644
frame_002029.png,2.537546
frame_002030.png,2.579473
frame_002031.png,2.617307
frame_002032.png,2.591177
frame_002033.png,2.702434
frame_002034.png,2.715988
frame_002035.png,2.655754
frame_002036.png,2.530770
frame_002037.png,2.509352
frame_002038.png,2.443470
frame_002039.png,2.377826
frame_002040.png,2.297103
frame_002041.png,2.349948
frame_002042.png,2.355567
frame_002043.png,2.336688
frame_002044.png,2.295320
frame_002045.png,2.347157
frame_002046.png,2.376534
frame_002047.png,2.443382
frame_002048.png,2.422766
frame_002049.png,2.488173
frame_002050.png,2.535675
frame_002051.png,2.575698
frame_002052.png,2.542915
frame_002053.png,2.616524
frame_002054.png,2.653997
frame_002055.png,2.669416
frame_002056.png,2.646088
frame_002057.png,2.715527
frame_002058.png,2.729851
frame_002059.png,2.782151
frame_002060.png,2.748287
frame_002061.png,2.800801
frame_002062.png,2.863760
frame_002063.png,2.916503
frame_002064.png,2.864946
frame_002065.png,2.909037
frame_002066.png,2.934255
frame_002067.png,3.010833
frame_002068.png,2.948177
frame_002069.png,3.030567
frame_002070.png,3.035999
frame_002071.png,3.101694
frame_002072.png,3.030666
frame_002073.png,3.123954
frame_002074.png,3.116867
frame_002075.png,3.112471
frame_002076.png,3.101337
frame_002077.png,3.174583
frame_002078.png,3.163702
frame_002079.png,3.179221
frame_002080.png,3.157423
frame_002081.png,3.186582
frame_002082.png,3.170737
frame_002083.png,3.178991
frame_002084.png,3.113017
frame_002085.png,3.199815
frame_002086.png,3.219998
frame_002087.png,3.238835
frame_002088.png,3.134230
frame_002089.png,3.184799
frame_002090.png,3.184255
frame_002091.png,3.217809
frame_002092.png,3.145110
frame_002093.png,3.218528
frame_002094.png,3.206516
frame_002095.png,3.255577
frame_002096.png,3.220563
frame_002097.png,3.255770
frame_002098.png,3.253677
frame_002099.png,3.251784
frame_002100.png,3.193241
frame_002101.png,3.197211
frame_002102.png,3.177787
frame_002103.png,3.153328
frame_002104.png,3.039628
frame_002105.png,3.035285
frame_002106.png,3.009163
frame_002107.png,2.979767
frame_002108.png,2.904664
frame_002109.png,2.927305
frame_002110.png,2.950257
frame_002111.png,2.970712
frame_002112.png,2.881553
frame_002113.png,2.886848
frame_002114.png,2.953341
frame_002115.png,2.986692
frame_002116.png,2.872980
frame_002117.png,2.881929
frame_002118.png,2.847141
frame_002119.png,2.900033
frame_002120.png,2.809207
frame_002121.png,2.843669
frame_002122.png,2.851017
frame_002123.png,2.857938
frame_002124.png,2.810542
frame_002125.png,2.897604
frame_002126.png,2.965666
frame_002127.png,2.937180
frame_002128.png,2.845332
frame_002129.png,2.882867
frame_002130.png,2.862949
frame_002131.png,2.921022
frame_002132.png,2.876472
frame_002133.png,2.989186
frame_002134.png,2.997743
frame_002135.png,3.056262
frame_002136.png,3.007903
frame_002137.png,3.058329
frame_002138.png,3.020253
frame_002139.png,3.024971
frame_002140.png,2.938719
frame_002141.png,2.930122
frame_002142.png,2.891767
frame_002143.png,5.340197
frame_002144.png,0.000000
frame_002145.png,0.000000
frame_002146.png,2.808478
frame_002147.png,2.854338
frame_002148.png,2.790876
frame_002149.png,2.806659
frame_002150.png,2.828337
frame_002151.png,2.851125
frame_002152.png,2.753144
frame_002153.png,2.755696
frame_002154.png,2.834610
frame_002155.png,2.859070
frame_002156.png,2.724699
frame_002157.png,2.726753
frame_002158.png,2.694510
frame_002159.png,2.713329
frame_002160.png,2.630280
frame_002161.png,2.661049
frame_002162.png,2.600023
frame_002163.png,2.600324
frame_002164.png,2.505995
frame_002165.png,2.522573
frame_002166.png,2.493646
frame_002167.png,2.523401
frame_002168.png,2.389111
frame_002169.png,2.441435
frame_002170.png,2.389925
frame_002171.png,2.393264
frame_002172.png,2.280764
frame_002173.png,2.287108
frame_002174.png,2.275376
frame_002175.png,2.303067
frame_002176.png,2.175745
frame_002177.png,2.204439
frame_002178.png,2.202647
frame_002179.png,2.189471
frame_002180.png,2.075889
frame_002181.png,2.110752
frame_002182.png,2.108812
frame_002183.png,2.123416
frame_002184.png,2.031769
frame_002185.png,2.033083
frame_002186.png,2.028407
frame_002187.png,2.057782
frame_002188.png,2.008424
frame_002189.png,2.060941
frame_002190.png,2.039946
frame_002191.png,2.046750
frame_002192.png,1.979589
frame_002193.png,1.984145
frame_002194.png,1.974157
frame_002195.png,2.000345
frame_002196.png,1.901217
frame_002197.png,1.926613
frame_002198.png,1.927816
frame_002199.png,1.960993
frame_002200.png,1.871599
frame_002201.png,1.906968
frame_002202.png,1.886854
frame_002203.png,1.910762
frame_002204.png,1.806063
frame_002205.png,1.828189
frame_002206.png,1.798652
frame_002207.png,1.823546
frame_002208.png,1.733277
frame_002209.png,1.759890
frame_002210.png,1.758596
frame_002211.png,1.771107
frame_002212.png,1.687274
frame_002213.png,1.728289
frame_002214.png,1.744331
frame_002215.png,1.751784
frame_002216.png,1.686223
frame_002217.png,1.702004
frame_002218.png,1.705201
frame_002219.png,1.753704
frame_002220.png,1.673715
frame_002221.png,1.682394
frame_002222.png,1.677442
frame_002223.png,1.725490
frame_002224.png,1.617824
frame_002225.png,1.700455
frame_002226.png,1.685731
frame_002227.png,1.724774
frame_002228.png,1.637523
frame_002229.png,1.685841
frame_002230.png,1.701441
frame_002231.png,1.752276
frame_002232.png,1.675154
frame_002233.png,1.713175
frame_002234.png,1.712230
frame_002235.png,1.770243
frame_002236.png,1.652994
frame_002237.png,1.704470
frame_002238.png,1.713646
frame_002239.png,1.765077
frame_002240.png,1.669522
frame_002241.png,1.713673
frame_002242.png,1.741117
frame_002243.png,1.796759
frame_002244.png,1.681150
frame_002245.png,1.718353
frame_002246.png,1.718565
frame_002247.png,1.788667
frame_002248.png,1.651242
frame_002249.png,1.600451
frame_002250.png,2.257542
frame_002251.png,1.629475
frame_002252.png,1.669662
frame_002253.png,1.675723
frame_002254.png,1.607610
frame_002255.png,1.633488
frame_002256.png,1.656626
frame_002257.png,1.698042
frame_002258.png,1.582809
frame_002259.png,1.626236
frame_002260.png,1.653899
frame_002261.png,1.710122
frame_002262.png,1.602106
frame_002263.png,1.653596
frame_002264.png,1.651885
frame_002265.png,1.678657
frame_002266.png,1.617975
frame_002267.png,1.634975
frame_002268.png,1.666032
frame_002269.png,1.675280
frame_002270.png,1.595666
frame_002271.png,1.644186
frame_002272.png,1.652782
frame_002273.png,1.694867
frame_002274.png,1.583480
frame_002275.png,1.635274
frame_002276.png,1.644379
frame_002277.png,1.691458
frame_002278.png,1.586348
frame_002279.png,1.637639
frame_002280.png,1.642535
frame_002281.png,1.709444
frame_002282.png,1.617546
frame_002283.png,1.662569
frame_002284.png,1.663665
frame_002285.png,1.746204
frame_002286.png,1.619684
frame_002287.png,1.674053
frame_002288.png,1.687405
frame_002289.png,1.735341
frame_002290.png,1.637155
frame_002291.png,1.690197
frame_002292.png,1.709990
frame_002293.png,1.736728
frame_002294.png,1.616435
frame_002295.png,1.658640
frame_002296.png,1.695748
frame_002297.png,1.715388
frame_002298.png,1.624172
frame_002299.png,1.632762
frame_002300.png,1.636973
frame_002301.png,1.686206
frame_002302.png,1.564072
frame_002303.png,1.613293
frame_002304.png,1.605336
frame_002305.png,1.642498
frame_002306.png,1.534275
frame_002307.png,1.567780
frame_002308.png,1.603503
frame_002309.png,1.640652
frame_002310.png,1.529361
frame_002311.png,1.559317
frame_002312.png,1.565750
frame_002313.png,1.624655
frame_002314.png,1.496755
frame_002315.png,1.522413
frame_002316.png,1.536998
frame_002317.png,1.560606
frame_002318.png,1.453158
frame_002319.png,1.477394
frame_002320.png,1.468945
frame_002321.png,1.508260
frame_002322.png,1.397519
frame_002323.png,1.426703
frame_002324.png,1.426819
frame_002325.png,1.487944
frame_002326.png,1.356817
frame_002327.png,1.378422
frame_002328.png,1.399996
frame_002329.png,1.477079
frame_002330.png,1.344630
frame_002331.png,1.389263
frame_002332.png,1.405137
frame_002333.png,1.435926
frame_002334.png,1.324014
frame_002335.png,1.379064
frame_002336.png,1.369579
frame_002337.png,1.431997
frame_002338.png,1.318065
frame_002339.png,1.357596
frame_002340.png,1.362521
frame_002341.png,1.409437
frame_002342.png,1.300795
frame_002343.png,1.349003
frame_002344.png,1.350584
frame_002345.png,1.408194
frame_002346.png,1.312490
frame_002347.png,1.357851
frame_002348.png,1.361861
frame_002349.png,1.433895
frame_002350.png,1.319317
frame_002351.png,1.361605
frame_002352.png,1.363268
frame_002353.png,1.448461
frame_002354.png,1.308542
frame_002355.png,1.342820
frame_002356.png,1.385849
frame_002357.png,1.402967
frame_002358.png,1.300930
frame_002359.png,1.354759
frame_002360.png,1.374948
frame_002361.png,1.403632
frame_002362.png,1.287826
frame_002363.png,1.372049
frame_002364.png,1.394699
frame_002365.png,1.403856
frame_002366.png,1.305224
frame_002367.png,1.350027
frame_002368.png,1.353353
frame_002369.png,1.419417
frame_002370.png,1.314390
frame_002371.png,1.356904
frame_002372.png,1.337166
frame_002373.png,1.365779
frame_002374.png,1.247926
frame_002375.png,1.287008
frame_002376.png,1.285980
frame_002377.png,1.306894
frame_002378.png,1.197396
frame_002379.png,1.239828
frame_002380.png,1.254574
frame_002381.png,1.244917
frame_002382.png,1.182324
frame_002383.png,1.216825
frame_002384.png,1.188326
frame_002385.png,1.257228
frame_002386.png,1.139963
frame_002387.png,1.168648
frame_002388.png,1.170114
frame_002389.png,1.216437
frame_002390.png,1.097066
frame_002391.png,1.139639
frame_002392.png,1.144435
frame_002393.png,1.176881
frame_002394.png,1.065993
frame_002395.png,1.123306
frame_002396.png,1.102288
frame_002397.png,1.151026
frame_002398.png,1.030642
frame_002399.png,1.081329
frame_002400.png,1.078802
frame_002401.png,1.101265
frame_002402.png,0.983472
frame_002403.png,1.037114
frame_002404.png,1.047363
frame_002405.png,1.100257
frame_002406.png,0.951186
frame_002407.png,0.991451
frame_002408.png,0.990401
frame_002409.png,1.035955
frame_002410.png,0.920905
frame_002411.png,0.969533
frame_002412.png,0.975313
frame_002413.png,1.032035
frame_002414.png,0.888756
frame_002415.png,0.946119
frame_002416.png,0.958682
frame_002417.png,0.975285
frame_002418.png,0.867290
frame_002419.png,0.903524
frame_002420.png,0.895546
frame_002421.png,0.936289
frame_002422.png,0.813536
frame_002423.png,0.882832
frame_002424.png,0.873378
frame_002425.png,0.922479
frame_002426.png,0.812215
frame_002427.png,0.859803
frame_002428.png,0.859045
frame_002429.png,0.899105
frame_002430.png,0.794176
frame_002431.png,0.849635
frame_002432.png,0.824884
frame_002433.png,0.870993
frame_002434.png,0.766038
frame_002435.png,0.806026
frame_002436.png,0.823403
frame_002437.png,0.877517
frame_002438.png,0.742718
frame_002439.png,0.809084
frame_002440.png,0.827863
frame_002441.png,0.852006
frame_002442.png,0.736285
frame_002443.png,0.790598
frame_002444.png,0.802459
frame_002445.png,0.853301
frame_002446.png,0.716134
frame_002447.png,0.777384
frame_002448.png,0.801557
frame_002449.png,0.827201
frame_002450.png,0.706460
frame_002451.png,0.778625
frame_002452.png,0.763522
frame_002453.png,0.805575
frame_002454.png,0.709007
frame_002455.png,0.770122
frame_002456.png,0.766435
frame_002457.png,0.804336
frame_002458.png,0.701240
frame_002459.png,0.752938
frame_002460.png,0.761059
frame_002461.png,0.790914
frame_002462.png,0.700392
frame_002463.png,0.748117
frame_002464.png,0.745584
frame_002465.png,0.768162
frame_002466.png,0.665723
frame_002467.png,0.732330
frame_002468.png,0.724124
frame_002469.png,0.784122
frame_002470.png,0.658916
frame_002471.png,0.725002
frame_002472.png,0.726647
frame_002473.png,0.748655
frame_002474.png,0.669884
frame_002475.png,0.741516
frame_002476.png,0.720237
frame_002477.png,0.735640
frame_002478.png,0.661181
frame_002479.png,0.714394
frame_002480.png,0.694769
frame_002481.png,0.718725
frame_002482.png,0.642054
frame_002483.png,0.696630
frame_002484.png,0.679649
frame_002485.png,0.712820
frame_002486.png,0.609437
frame_002487.png,0.673194
frame_002488.png,0.680440
frame_002489.png,0.687973
frame_002490.png,0.594815
frame_002491.png,0.651919
frame_002492.png,0.632527
frame_002493.png,0.664325
frame_002494.png,0.600588
frame_002495.png,0.656051
frame_002496.png,0.633364
frame_002497.png,0.676508
frame_002498.png,0.582654
frame_002499.png,0.586649
frame_002500.png,1.109907
frame_002501.png,0.557452
frame_002502.png,0.600525
frame_002503.png,0.598119
frame_002504.png,0.557294
frame_002505.png,0.585422
frame_002506.png,0.573760
frame_002507.png,0.591154
frame_002508.png,0.540052
frame_002509.png,0.583723
frame_002510.png,0.563162
frame_002511.png,0.581638
frame_002512.png,0.527735
frame_002513.png,0.560264
frame_002514.png,0.570156
frame_002515.png,0.580311
frame_002516.png,0.521152
frame_002517.png,0.557506
frame_002518.png,0.535891
frame_002519.png,0.535939
frame_002520.png,0.498769
frame_002521.png,0.538059
frame_002522.png,0.515486
frame_002523.png,0.541709
frame_002524.png,0.472703
frame_002525.png,0.511499
frame_002526.png,0.509520
frame_002527.png,0.531115
frame_002528.png,0.466221
frame_002529.png,0.519113
frame_002530.png,0.493563
frame_002531.png,0.502758
frame_002532.png,0.447793
frame_002533.png,0.494850
frame_002534.png,0.476964
frame_002535.png,0.501545
frame_002536.png,0.424423
frame_002537.png,0.468953
frame_002538.png,0.482442
frame_002539.png,0.474491
frame_002540.png,0.414765
frame_002541.png,0.477407
frame_002542.png,0.444502
frame_002543.png,0.459643
frame_002544.png,0.407091
frame_002545.png,0.439130
frame_002546.png,0.445029
frame_002547.png,0.451127
frame_002548.png,0.416287
frame_002549.png,0.444853
frame_002550.png,0.431784
frame_002551.png,0.427535
frame_002552.png,0.366074
frame_002553.png,0.418117
frame_002554.png,0.417699
frame_002555.png,0.426786
frame_002556.png,0.348933
frame_002557.png,0.415031
frame_002558.png,0.385025
frame_002559.png,0.422305
frame_002560.png,0.363827
frame_002561.png,0.432417
frame_002562.png,0.378872
frame_002563.png,0.401948
frame_002564.png,0.338243
frame_002565.png,0.396975
frame_002566.png,0.365436
frame_002567.png,0.373457
frame_002568.png,0.326451
frame_002569.png,0.381551
frame_002570.png,0.359612
frame_002571.png,0.365166
frame_002572.png,0.314747
frame_002573.png,0.357184
frame_002574.png,0.335723
frame_002575.png,0.351252
frame_002576.png,0.289979
frame_002577.png,0.353596
frame_002578.png,0.329705
frame_002579.png,0.324068
frame_002580.png,0.288229
frame_002581.png,0.339300
frame_002582.png,0.302865
frame_002583.png,0.333098
frame_002584.png,0.272245
frame_002585.png,0.325004
frame_002586.png,0.298862
frame_002587.png,0.311489
frame_002588.png,0.250992
frame_002589.png,0.319091
frame_002590.png,0.274992
frame_002591.png,0.317602
frame_002592.png,0.243015
frame_002593.png,0.308007
frame_002594.png,0.269248
frame_002595.png,0.287278
frame_002596.png,0.248902
frame_002597.png,0.292878
frame_002598.png,0.253715
frame_002599.png,0.273067
frame_002600.png,0.222720
frame_002601.png,0.275430
frame_002602.png,0.246755
frame_002603.png,0.265324
frame_002604.png,0.218158
frame_002605.png,0.261356
frame_002606.png,0.227118
frame_002607.png,0.261161
frame_002608.png,0.201080
frame_002609.png,0.250280
frame_002610.png,0.225945
frame_002611.png,0.254261
frame_002612.png,0.195747
frame_002613.png,0.257600
frame_002614.png,0.200048
frame_002615.png,0.227957
frame_002616.png,0.176524
frame_002617.png,0.225193
frame_002618.png,0.200405
frame_002619.png,0.230096
frame_002620.png,0.161086
frame_002621.png,0.224373
frame_002622.png,0.185986
frame_002623.png,0.205565
frame_002624.png,0.147747
frame_002625.png,0.213926
frame_002626.png,0.173302
frame_002627.png,0.202303
frame_002628.png,0.153075
frame_002629.png,0.203621
frame_002630.png,0.166759
frame_002631.png,0.185147
frame_002632.png,0.134155
frame_002633.png,0.194969
frame_002634.png,0.152353
frame_002635.png,0.181615
frame_002636.png,0.131671
frame_002637.png,0.180567
frame_002638.png,0.146640
frame_002639.png,0.166800
frame_002640.png,0.130525
frame_002641.png,0.172982
frame_002642.png,0.134167
frame_002643.png,0.158578
frame_002644.png,0.131595
frame_002645.png,0.170421
frame_002646.png,0.122978
frame_002647.png,0.142990
frame_002648.png,0.102926
frame_002649.png,0.156358
frame_002650.png,0.121443
frame_002651.png,0.131780
frame_002652.png,0.105320
frame_002653.png,0.157519
frame_002654.png,0.112211
frame_002655.png,0.124657
frame_002656.png,0.096472
frame_002657.png,0.155201
frame_002658.png,0.106807
frame_002659.png,0.115689
frame_002660.png,0.094117
frame_002661.png,0.137909
frame_002662.png,0.094346
frame_002663.png,0.102405
frame_002664.png,0.089468
frame_002665.png,0.144765
frame_002666.png,0.079763
frame_002667.png,0.093113
frame_002668.png,0.083945
frame_002669.png,0.129558
frame_002670.png,0.075689
frame_002671.png,0.092348
frame_002672.png,0.076655
frame_002673.png,0.126410
frame_002674.png,0.069578
frame_002675.png,0.080841
frame_002676.png,0.070340
frame_002677.png,0.115367
frame_002678.png,0.063671
frame_002679.png,0.071887
frame_002680.png,0.062828
frame_002681.png,0.112068
frame_002682.png,0.057369
frame_002683.png,0.066671
frame_002684.png,0.065720
frame_002685.png,0.105750
frame_002686.png,0.056948
frame_002687.png,0.058426
frame_002688.png,0.057093
frame_002689.png,0.102641
frame_002690.png,0.049169
frame_002691.png,0.053250
frame_002692.png,0.053088
frame_002693.png,0.097436
frame_002694.png,0.038150
frame_002695.png,0.048220
frame_002696.png,0.054518
frame_002697.png,0.089097
frame_002698.png,0.035887
frame_002699.png,0.042116
frame_002700.png,0.050459
frame_002701.png,0.081123
frame_002702.png,0.035731
frame_002703.png,0.036524
frame_002704.png,0.042224
frame_002705.png,0.073341
frame_002706.png,0.025914
frame_002707.png,0.032303
frame_002708.png,0.047330
frame_002709.png,0.071609
frame_002710.png,0.027203
frame_002711.png,0.028422
frame_002712.png,0.043854
frame_002713.png,0.065197
frame_002714.png,0.023337
frame_002715.png,0.023964
frame_002716.png,0.034867
frame_002717.png,0.056588
frame_002718.png,0.026476
frame_002719.png,0.026007
frame_002720.png,0.037809
frame_002721.png,0.056458
frame_002722.png,0.024182
frame_002723.png,0.018574
frame_002724.png,0.034684
frame_002725.png,0.049855
frame_002726.png,0.020276
frame_002727.png,0.021717
frame_002728.png,0.030976
frame_002729.png,0.043071
frame_002730.png,0.017872
frame_002731.png,0.018250
frame_002732.png,0.031107
frame_002733.png,0.037521
frame_002734.png,0.018673
frame_002735.png,0.021154
frame_002736.png,0.032768
frame_002737.png,0.041865
frame_002738.png,0.022828
frame_002739.png,0.019745
frame_002740.png,0.036889
frame_002741.png,0.041242
frame_002742.png,0.020081
frame_002743.png,0.021416
frame_002744.png,0.044149
frame_002745.png,0.047353
frame_002746.png,0.023929
frame_002747.png,0.022870
frame_002748.png,0.052025
frame_002749.png,0.031360
frame_002750.png,0.379280
frame_002751.png,0.059568
frame_002752.png,0.025727
frame_002753.png,0.024842
frame_002754.png,0.042886
frame_002755.png,0.063185
frame_002756.png,0.035388
frame_002757.png,0.031177
frame_002758.png,0.057575
frame_002759.png,0.061184
frame_002760.png,0.039713
frame_002761.png,0.039659
frame_002762.png,0.061184
frame_002763.png,0.075392
frame_002764.png,0.039178
frame_002765.png,0.040822
frame_002766.png,0.067330
frame_002767.png,0.081653
frame_002768.png,0.044959
frame_002769.png,0.043709
frame_002770.png,0.059452
frame_002771.png,0.089558
frame_002772.png,0.050617
frame_002773.png,0.055285
frame_002774.png,0.065395
frame_002775.png,0.093104
frame_002776.png,0.058362
frame_002777.png,0.060041
frame_002778.png,0.067805
frame_002779.png,0.098505
frame_002780.png,0.064211
frame_002781.png,0.072033
frame_002782.png,0.074126
frame_002783.png,0.118405
frame_002784.png,0.071381
frame_002785.png,0.072020
frame_002786.png,0.072359
frame_002787.png,0.124738
frame_002788.png,0.076165
frame_002789.png,0.085708
frame_002790.png,0.082243
frame_002791.png,0.123746
frame_002792.png,0.090116
frame_002793.png,0.097184
frame_002794.png,0.089749
frame_002795.png,0.132351
frame_002796.png,0.090122
frame_002797.png,0.098218
frame_002798.png,0.096740
frame_002799.png,0.139323
frame_002800.png,0.103241
frame_002801.png,0.117641
frame_002802.png,0.100075
frame_002803.png,0.149855
frame_002804.png,0.113127
frame_002805.png,0.127998
frame_002806.png,0.106248
frame_002807.png,0.163682
frame_002808.png,0.114078
frame_002809.png,0.134757
frame_002810.png,0.113557
frame_002811.png,0.161647
frame_002812.png,0.130365
frame_002813.png,0.141123
frame_002814.png,0.125941
frame_002815.png,0.170338
frame_002816.png,0.140041
frame_002817.png,0.160876
frame_002818.png,0.129005
frame_002819.png,0.187542
frame_002820.png,0.148127
frame_002821.png,0.162232
frame_002822.png,0.141300
frame_002823.png,0.189745
frame_002824.png,0.157269
frame_002825.png,0.182402
frame_002826.png,0.160069
frame_002827.png,0.223717
frame_002828.png,0.166258
frame_002829.png,0.185349
frame_002830.png,0.163980
frame_002831.png,0.209381
frame_002832.png,0.191514
frame_002833.png,0.205602
frame_002834.png,0.168268
frame_002835.png,0.227348
frame_002836.png,0.189628
frame_002837.png,0.222770
frame_002838.png,0.181773
frame_002839.png,0.237845
frame_002840.png,0.207170
frame_002841.png,0.227388
frame_002842.png,0.191721
frame_002843.png,0.252492
frame_002844.png,0.221082
frame_002845.png,0.246466
frame_002846.png,0.193810
frame_002847.png,0.258360
frame_002848.png,0.234892
frame_002849.png,0.255181
frame_002850.png,0.218846
frame_002851.png,0.275845
frame_002852.png,0.238775
frame_002853.png,0.275139
frame_002854.png,0.220787
frame_002855.png,0.289215
frame_002856.png,0.256074
frame_002857.png,0.293347
frame_002858.png,0.233250
frame_002859.png,0.299533
frame_002860.png,0.269159
frame_002861.png,0.288806
frame_002862.png,0.249207
frame_002863.png,0.307716
frame_002864.png,0.295887
frame_002865.png,0.311204
frame_002866.png,0.254111
frame_002867.png,0.322764
frame_002868.png,0.295820
frame_002869.png,0.316418
frame_002870.png,0.273154
frame_002871.png,0.327340
frame_002872.png,0.306543
frame_002873.png,0.315392
frame_002874.png,0.283750
frame_002875.png,0.322924
frame_002876.png,0.312259
frame_002877.png,0.348999
frame_002878.png,0.292303
frame_002879.png,0.357544
frame_002880.png,0.329898
frame_002881.png,0.340471
frame_002882.png,0.314805
frame_002883.png,0.345328
frame_002884.png,0.341794
frame_002885.png,0.371341
frame_002886.png,0.321069
frame_002887.png,0.369238
frame_002888.png,0.356779
frame_002889.png,0.380384
frame_002890.png,0.327404
frame_002891.png,0.381181
frame_002892.png,0.353623
frame_002893.png,0.407691
frame_002894.png,0.341017
frame_002895.png,0.390228
frame_002896.png,0.382851
frame_002897.png,0.396861
frame_002898.png,0.349608
frame_002899.png,0.406335
frame_002900.png,0.374421
frame_002901.png,0.420785
frame_002902.png,0.350968
frame_002903.png,0.401474
frame_002904.png,0.408544
frame_002905.png,0.436784
frame_002906.png,0.360843
frame_002907.png,0.425739
frame_002908.png,0.408428
frame_002909.png,0.445154
frame_002910.png,0.370488
frame_002911.png,0.439527
frame_002912.png,0.429716
frame_002913.png,0.454394
frame_002914.png,0.393619
frame_002915.png,0.444917
frame_002916.png,0.433324
frame_002917.png,0.464832
frame_002918.png,0.408549
frame_002919.png,0.475552
frame_002920.png,0.465893
frame_002921.png,0.479830
frame_002922.png,0.419884
frame_002923.png,0.472909
frame_002924.png,0.456501
frame_002925.png,0.503972
frame_002926.png,0.426960
frame_002927.png,0.488183
frame_002928.png,0.475075
frame_002929.png,0.511231
frame_002930.png,0.414261
frame_002931.png,0.495386
frame_002932.png,0.489240
frame_002933.png,0.540880
frame_002934.png,0.450937
frame_002935.png,0.491680
frame_002936.png,0.506512
frame_002937.png,0.536688
frame_002938.png,0.477380
frame_002939.png,0.525502
frame_002940.png,0.511262
frame_002941.png,0.558646
frame_002942.png,0.461769
frame_002943.png,0.530783
frame_002944.png,0.541350
frame_002945.png,0.561688
frame_002946.png,0.482301
frame_002947.png,0.525517
frame_002948.png,0.536449
frame_002949.png,0.579047
frame_002950.png,0.506370
frame_002951.png,0.548893
frame_002952.png,0.549367
frame_002953.png,0.599261
frame_002954.png,0.516834
frame_002955.png,0.585285
frame_002956.png,0.566505
frame_002957.png,0.610179
frame_002958.png,0.525768
frame_002959.png,0.570409
frame_002960.png,0.588677
frame_002961.png,0.614279
frame_002962.png,0.560467
frame_002963.png,0.606375
frame_002964.png,0.579307
frame_002965.png,0.626707
frame_002966.png,0.548158
frame_002967.png,0.599900
frame_002968.png,0.601514
frame_002969.png,0.648771
frame_002970.png,0.561030
frame_002971.png,0.612652
frame_002972.png,0.622689
frame_002973.png,0.655299
frame_002974.png,0.579585
frame_002975.png,0.620656
frame_002976.png,0.642421
frame_002977.png,0.659304
frame_002978.png,0.599780
frame_002979.png,0.643862
frame_002980.png,0.653208
frame_002981.png,0.671645
frame_002982.png,0.620419
frame_002983.png,0.654134
frame_002984.png,0.671015
frame_002985.png,0.714884
frame_002986.png,0.634477
frame_002987.png,0.678702
frame_002988.png,0.707386
frame_002989.png,0.731599
frame_002990.png,0.650158
frame_002991.png,0.717564
frame_002992.png,0.707193
frame_002993.png,0.776823
frame_002994.png,0.671306
frame_002995.png,0.738744
frame_002996.png,0.742290
frame_002997.png,0.779041
frame_002998.png,0.697757
frame_002999.png,0.649192
frame_003000.png,1.353976
frame_003001.png,0.690233
frame_003002.png,0.738102
frame_003003.png,0.770037
frame_003004.png,0.723723
frame_003005.png,0.750754
frame_003006.png,0.792596
frame_003007.png,0.813220
frame_003008.png,0.733189
frame_003009.png,0.777064
frame_003010.png,0.797753
frame_003011.png,0.830671
frame_003012.png,0.754684
frame_003013.png,0.799975
frame_003014.png,0.815405
frame_003015.png,0.832882
frame_003016.png,0.748218
frame_003017.png,0.794078
frame_003018.png,0.797776
frame_003019.png,0.848694
frame_003020.png,0.751644
frame_003021.png,0.784724
frame_003022.png,0.821510
frame_003023.png,0.829757
frame_003024.png,0.748648
frame_003025.png,0.801464
frame_003026.png,0.814936
frame_003027.png,0.875289
frame_003028.png,0.757689
frame_003029.png,0.824462
frame_003030.png,0.828644
frame_003031.png,0.864745
frame_003032.png,0.780139
frame_003033.png,0.826831
frame_003034.png,0.831254
frame_003035.png,0.866622
frame_003036.png,0.777868
frame_003037.png,0.817357
frame_003038.png,0.829404
frame_003039.png,0.903081
frame_003040.png,0.779632
frame_003041.png,0.841310
frame_003042.png,0.852398
frame_003043.png,0.901653
frame_003044.png,0.800527
frame_003045.png,0.854867
frame_003046.png,0.881933
frame_003047.png,0.907068
frame_003048.png,0.818063
frame_003049.png,0.865538
frame_003050.png,0.882886
frame_003051.png,0.941449
frame_003052.png,0.816752
frame_003053.png,0.880538
frame_003054.png,0.893891
frame_003055.png,0.928958
frame_003056.png,0.838754
frame_003057.png,0.885328
frame_003058.png,0.916341
frame_003059.png,0.964668
frame_003060.png,0.845897
frame_003061.png,0.915230
frame_003062.png,0.920966
frame_003063.png,0.971894
frame_003064.png,0.862446
frame_003065.png,0.909344
frame_003066.png,0.933530
frame_003067.png,0.980604
frame_003068.png,0.877523
frame_003069.png,0.931192
frame_003070.png,0.939443
frame_003071.png,0.980733
frame_003072.png,0.909327
frame_003073.png,0.942573
frame_003074.png,0.973235
frame_003075.png,1.010152
frame_003076.png,0.905137
frame_003077.png,0.950245
frame_003078.png,0.990421
frame_003079.png,1.028574
frame_003080.png,0.915397
frame_003081.png,0.978380
frame_003082.png,1.009255
frame_003083.png,1.036665
frame_003084.png,0.924701
frame_003085.png,0.997676
frame_003086.png,1.019090
frame_003087.png,1.036632
frame_003088.png,0.927878
frame_003089.png,0.979363
frame_003090.png,1.013432
frame_003091.png,1.052498
frame_003092.png,0.935451
frame_003093.png,0.963654
frame_003094.png,1.005714
frame_003095.png,1.065858
frame_003096.png,0.932269
frame_003097.png,0.967809
frame_003098.png,1.005660
frame_003099.png,1.061588
frame_003100.png,0.930965
frame_003101.png,0.990185
frame_003102.png,1.017807
frame_003103.png,1.072085
frame_003104.png,0.946925
frame_003105.png,0.989780
frame_003106.png,1.017037
frame_003107.png,1.067288
frame_003108.png,0.947689
frame_003109.png,0.998650
frame_003110.png,1.050307
frame_003111.png,1.068690
frame_003112.png,0.972878
frame_003113.png,1.014323
frame_003114.png,1.051101
frame_003115.png,1.113729
frame_003116.png,1.011595
frame_003117.png,1.052133
frame_003118.png,1.087191
frame_003119.png,1.157081
frame_003120.png,1.027461
frame_003121.png,1.059026
frame_003122.png,1.079884
frame_003123.png,1.127159
frame_003124.png,1.021919
frame_003125.png,1.077355
frame_003126.png,1.116794
frame_003127.png,1.148648
frame_003128.png,1.070108
frame_003129.png,1.105611
frame_003130.png,1.164076
frame_003131.png,1.179336
frame_003132.png,1.091273
frame_003133.png,1.114755
frame_003134.png,1.156937
frame_003135.png,1.211483
frame_003136.png,1.079296
frame_003137.png,1.134471
frame_003138.png,1.166624
frame_003139.png,1.226860
frame_003140.png,1.096765
frame_003141.png,1.160926
frame_003142.png,1.181798
frame_003143.png,1.262730
frame_003144.png,1.134340
frame_003145.png,1.189736
frame_003146.png,1.242944
frame_003147.png,1.291501
frame_003148.png,1.189005
frame_003149.png,1.250422
frame_003150.png,1.288619
frame_003151.png,1.344311
frame_003152.png,1.268818
frame_003153.png,1.294398
frame_003154.png,1.345627
frame_003155.png,1.373742
frame_003156.png,1.265704
frame_003157.png,1.312323
frame_003158.png,1.345089
frame_003159.png,1.370976
frame_003160.png,1.254273
frame_003161.png,1.290224
frame_003162.png,1.333590
frame_003163.png,1.372340
frame_003164.png,1.260160
frame_003165.png,1.301865
frame_003166.png,1.342743
frame_003167.png,1.366607
frame_003168.png,1.268931
frame_003169.png,1.319120
frame_003170.png,1.349797
frame_003171.png,1.389138
frame_003172.png,1.293248
frame_003173.png,1.354321
frame_003174.png,1.355106
frame_003175.png,1.413044
frame_003176.png,1.294911
frame_003177.png,1.342658
frame_003178.png,1.366167
frame_003179.png,1.398729
frame_003180.png,1.318953
frame_003181.png,1.364709
frame_003182.png,1.373773
frame_003183.png,1.431134
frame_003184.png,1.315866
frame_003185.png,1.382614
frame_003186.png,1.394147
frame_003187.png,1.438003
frame_003188.png,1.329117
frame_003189.png,1.372737
frame_003190.png,1.389657
frame_003191.png,1.432162
frame_003192.png,1.325872
frame_003193.png,1.360341
frame_003194.png,1.381914
frame_003195.png,1.414742
frame_003196.png,1.320363
frame_003197.png,1.369500
frame_003198.png,1.384225
frame_003199.png,1.466032
frame_003200.png,1.352845
frame_003201.png,1.378638
frame_003202.png,1.415544
frame_003203.png,1.472604
frame_003204.png,1.363083
frame_003205.png,1.421977
frame_003206.png,1.435041
frame_003207.png,1.537502
frame_003208.png,1.389585
frame_003209.png,1.460297
frame_003210.png,1.470068
frame_003211.png,1.548235
frame_003212.png,1.416806
frame_003213.png,1.487546
frame_003214.png,1.520536
frame_003215.png,1.565031
frame_003216.png,1.439913
frame_003217.png,1.489861
frame_003218.png,1.533601
frame_003219.png,1.600247
frame_003220.png,1.501188
frame_003221.png,1.546505
frame_003222.png,1.551044
frame_003223.png,1.631146
frame_003224.png,1.512201
frame_003225.png,1.588071
frame_003226.png,1.600758
frame_003227.png,1.658665
frame_003228.png,1.558559
frame_003229.png,1.603569
frame_003230.png,1.675901
frame_003231.png,1.683071
frame_003232.png,1.565868
frame_003233.png,1.593104
frame_003234.png,1.651111
frame_003235.png,1.675303
frame_003236.png,1.612417
frame_003237.png,1.660789
frame_003238.png,1.698821
frame_003239.png,1.778980
frame_003240.png,1.669605
frame_003241.png,1.693401
frame_003242.png,1.754252
frame_003243.png,1.819869
frame_003244.png,1.709848
frame_003245.png,1.750966
frame_003246.png,1.796638
frame_003247.png,1.850945
frame_003248.png,1.752643
frame_003249.png,1.724564
frame_003250.png,2.476397
frame_003251.png,1.748179
frame_003252.png,1.813513
frame_003253.png,1.857029
frame_003254.png,1.771844
frame_003255.png,1.790027
frame_003256.png,1.846105
frame_003257.png,1.909377
frame_003258.png,1.803210
frame_003259.png,1.835629
frame_003260.png,1.863619
frame_003261.png,1.930706
frame_003262.png,1.829174
frame_003263.png,1.864437
frame_003264.png,1.914398
frame_003265.png,1.972278
frame_003266.png,1.832089
frame_003267.png,1.901063
frame_003268.png,1.937936
frame_003269.png,1.971545
frame_003270.png,1.869223
frame_003271.png,1.902620
frame_003272.png,1.942120
frame_003273.png,1.994232
frame_003274.png,1.849315
frame_003275.png,1.888598
frame_003276.png,1.932452
frame_003277.png,1.981402
frame_003278.png,1.848669
frame_003279.png,1.922336
frame_003280.png,1.937222
frame_003281.png,1.981748
frame_003282.png,1.860087
frame_003283.png,1.911744
frame_003284.png,1.933576
frame_003285.png,1.974533
frame_003286.png,1.864780
frame_003287.png,1.877915
frame_003288.png,1.915762
frame_003289.png,1.941973
frame_003290.png,1.858495
frame_003291.png,1.856723
frame_003292.png,1.877512
frame_003293.png,1.942795
frame_003294.png,1.826873
frame_003295.png,1.845266
frame_003296.png,1.913214
frame_003297.png,1.969190
frame_003298.png,1.847031
frame_003299.png,1.896615
frame_003300.png,1.909699
frame_003301.png,1.989620
frame_003302.png,1.879823
frame_003303.png,1.937097
frame_003304.png,1.924145
frame_003305.png,1.982593
frame_003306.png,1.896726
frame_003307.png,1.899593
frame_003308.png,1.968964
frame_003309.png,1.998673
frame_003310.png,1.898142
frame_003311.png,1.952980
frame_003312.png,1.974772
frame_003313.png,2.010081
frame_003314.png,1.923218
frame_003315.png,1.983700
frame_003316.png,2.014228
frame_003317.png,2.067579
frame_003318.png,1.954917
frame_003319.png,2.006420
frame_003320.png,2.055039
frame_003321.png,2.078592
frame_003322.png,1.936468
frame_003323.png,2.013428
frame_003324.png,2.021443
frame_003325.png,2.038167
frame_003326.png,1.962249
frame_003327.png,1.972731
frame_003328.png,2.021385
frame_003329.png,2.050368
frame_003330.png,1.992456
frame_003331.png,2.018067
frame_003332.png,2.051672
frame_003333.png,2.128823
frame_003334.png,1.993185
frame_003335.png,2.039859
frame_003336.png,2.100463
frame_003337.png,2.146213
frame_003338.png,2.025606
frame_003339.png,2.045783
frame_003340.png,2.074070
frame_003341.png,2.117452
frame_003342.png,2.047089
frame_003343.png,2.091811
frame_003344.png,2.121535
frame_003345.png,2.181624
frame_003346.png,2.083517
frame_003347.png,2.113449
frame_003348.png,2.135500
frame_003349.png,2.179153
frame_003350.png,2.064633
frame_003351.png,2.122297
frame_003352.png,2.160361
frame_003353.png,2.172525
frame_003354.png,2.091917
frame_003355.png,2.138792
frame_003356.png,2.163302
frame_003357.png,2.207809
frame_003358.png,2.087340
frame_003359.png,2.139078
frame_003360.png,2.172643
frame_003361.png,2.221161
frame_003362.png,2.147595
frame_003363.png,2.190986
frame_003364.png,2.221302
frame_003365.png,2.265102
frame_003366.png,2.168638
frame_003367.png,2.227284
frame_003368.png,2.256881
frame_003369.png,2.280874
frame_003370.png,2.201723
frame_003371.png,2.274554
frame_003372.png,2.298810
frame_003373.png,2.310963
frame_003374.png,2.268767
frame_003375.png,2.292984
frame_003376.png,2.348102
frame_003377.png,2.384118
frame_003378.png,2.281173
frame_003379.png,2.327417
frame_003380.png,2.383816
frame_003381.png,2.398036
frame_003382.png,2.336501
frame_003383.png,2.390446
frame_003384.png,2.411603
frame_003385.png,2.493478
frame_003386.png,2.441098
frame_003387.png,2.442018
frame_003388.png,2.464394
frame_003389.png,2.518808
frame_003390.png,2.446071
frame_003391.png,2.481518
frame_003392.png,2.478534
frame_003393.png,2.541318
frame_003394.png,2.439682
frame_003395.png,2.502047
frame_003396.png,2.539356
frame_003397.png,2.547203
frame_003398.png,2.507564
frame_003399.png,2.554848
frame_003400.png,2.579524
frame_003401.png,2.617234
frame_003402.png,2.545100
frame_003403.png,2.577193
frame_003404.png,2.604128
frame_003405.png,2.618067
frame_003406.png,2.564770
frame_003407.png,2.630102
frame_003408.png,2.618891
frame_003409.png,2.669628
frame_003410.png,2.596892
frame_003411.png,2.639425
frame_003412.png,2.723297
frame_003413.png,2.735613
frame_003414.png,2.685392
frame_003415.png,2.734890
frame_003416.png,2.735658
frame_003417.png,2.757901
frame_003418.png,2.699840
frame_003419.png,2.735619
frame_003420.png,2.773441
frame_003421.png,2.819686
frame_003422.png,2.747218
frame_003423.png,2.792782
frame_003424.png,2.818368
frame_003425.png,2.828736
frame_003426.png,2.812253
frame_003427.png,2.844292
frame_003428.png,2.871865
frame_003429.png,2.919396
frame_003430.png,2.858166
frame_003431.png,2.939032
frame_003432.png,2.924279
frame_003433.png,2.958385
frame_003434.png,2.916630
frame_003435.png,2.939967
frame_003436.png,2.964138
frame_003437.png,2.990285
frame_003438.png,2.922334
frame_003439.png,2.974103
frame_003440.png,2.937899
frame_003441.png,2.989904
frame_003442.png,2.909223
frame_003443.png,2.960058
frame_003444.png,3.009446
frame_003445.png,3.029470
frame_003446.png,3.013723
frame_003447.png,3.060511
frame_003448.png,3.105122
frame_003449.png,3.134813
frame_003450.png,3.106418
frame_003451.png,3.134221
frame_003452.png,3.203515
frame_003453.png,3.222355
frame_003454.png,3.191921
frame_003455.png,3.259626
frame_003456.png,3.285955
frame_003457.png,3.358536
frame_003458.png,3.352940
frame_003459.png,3.377785
frame_003460.png,3.466541
frame_003461.png,3.450965
frame_003462.png,3.415469
frame_003463.png,3.494315
frame_003464.png,3.458916
frame_003465.png,3.483353
frame_003466.png,3.428609
frame_003467.png,3.492338
frame_003468.png,3.547670
frame_003469.png,3.565748
frame_003470.png,3.534431
frame_003471.png,3.587949
frame_003472.png,3.608133
frame_003473.png,3.642299
frame_003474.png,3.637276
frame_003475.png,3.660590
frame_003476.png,3.696198
frame_003477.png,3.753796
frame_003478.png,3.601188
frame_003479.png,3.677670
frame_003480.png,3.734628
frame_003481.png,3.800586
frame_003482.png,3.729043
frame_003483.png,3.797160
frame_003484.png,3.819826
frame_003485.png,3.891535
frame_003486.png,3.817591
frame_003487.png,3.882106
frame_003488.png,3.905689
frame_003489.png,3.949441
frame_003490.png,3.874315
frame_003491.png,3.889815
frame_003492.png,3.925893
frame_003493.png,3.971591
frame_003494.png,3.927629
frame_003495.png,4.006013
frame_003496.png,4.024753
frame_003497.png,4.057189
frame_003498.png,3.983945
frame_003499.png,3.935959
frame_003500.png,4.654099
frame_003501.png,4.094452
frame_003502.png,4.132486
frame_003503.png,4.123075
frame_003504.png,4.118318
frame_003505.png,4.141780
frame_003506.png,4.197384
frame_003507.png,4.253086
frame_003508.png,4.240039
frame_003509.png,4.296167
frame_003510.png,4.310035
frame_003511.png,4.315924
frame_003512.png,4.322160
frame_003513.png,4.371458
frame_003514.png,4.383081
frame_003515.png,4.412813
frame_003516.png,4.331935
frame_003517.png,4.338148
frame_003518.png,4.401300
frame_003519.png,4.449554
frame_003520.png,4.450446
frame_003521.png,4.473030
frame_003522.png,4.514275
frame_003523.png,4.561541
frame_003524.png,4.473003
frame_003525.png,4.553655
frame_003526.png,4.587045
frame_003527.png,4.623245
frame_003528.png,4.554498
frame_003529.png,4.618295
frame_003530.png,4.639946
frame_003531.png,4.687436
frame_003532.png,4.631495
frame_003533.png,4.671138
frame_003534.png,4.716157
frame_003535.png,4.756645
frame_003536.png,4.688493
frame_003537.png,4.798092
frame_003538.png,4.848355
frame_003539.png,4.887475
frame_003540.png,4.886771
frame_003541.png,4.945476
frame_003542.png,4.929026
frame_003543.png,4.985002
frame_003544.png,4.968017
frame_003545.png,5.040320
frame_003546.png,5.099736
frame_003547.png,5.123200
frame_003548.png,5.125367
frame_003549.png,5.209431
frame_003550.png,5.273137
frame_003551.png,5.329707
frame_003552.png,5.294682
frame_003553.png,5.353588
frame_003554.png,5.394740
frame_003555.png,5.429130
frame_003556.png,5.389886
frame_003557.png,5.440172
frame_003558.png,5.502940
frame_003559.png,5.531154
frame_003560.png,5.505841
frame_003561.png,5.556281
frame_003562.png,5.588945
frame_003563.png,5.649429
frame_003564.png,5.594201
frame_003565.png,5.613943
frame_003566.png,5.609952
frame_003567.png,5.575282
frame_003568.png,5.584088
frame_003569.png,5.651140
frame_003570.png,5.618148
frame_003571.png,5.709624
frame_003572.png,5.664605
frame_003573.png,5.702917
frame_003574.png,5.750893
frame_003575.png,5.767025
frame_003576.png,5.773439
frame_003577.png,5.763428
frame_003578.png,5.732595
frame_003579.png,5.670963
frame_003580.png,5.642286
frame_003581.png,5.618978
frame_003582.png,5.602382
frame_003583.png,5.577652
frame_003584.png,5.583328
frame_003585.png,5.620208
frame_003586.png,5.697043
frame_003587.png,5.700359
frame_003588.png,5.660702
frame_003589.png,5.669688
frame_003590.png,5.659271
frame_003591.png,5.675635
frame_003592.png,5.706892
frame_003593.png,5.755669
frame_003594.png,5.747662
frame_003595.png,5.845696
frame_003596.png,5.782297
frame_003597.png,5.781464
frame_003598.png,5.811717
frame_003599.png,5.882363
frame_003600.png,5.826838
frame_003601.png,5.870922
frame_003602.png,5.837689
frame_003603.png,5.813200
frame_003604.png,5.803873
frame_003605.png,5.831345
frame_003606.png,5.794911
frame_003607.png,5.829508
frame_003608.png,5.814641
frame_003609.png,5.819651
frame_003610.png,5.858447
frame_003611.png,5.823181
frame_003612.png,5.810120
frame_003613.png,5.900721
frame_003614.png,5.954410
frame_003615.png,5.965141
frame_003616.png,5.968166
frame_003617.png,5.943667
frame_003618.png,5.881559
frame_003619.png,5.867957
frame_003620.png,5.850262
frame_003621.png,5.861225
frame_003622.png,5.822004
frame_003623.png,5.823306
frame_003624.png,5.805089
frame_003625.png,5.823117
frame_003626.png,5.784221
frame_003627.png,5.777581
frame_003628.png,5.767436
frame_003629.png,5.771256
frame_003630.png,5.792444
frame_003631.png,5.744699
frame_003632.png,5.693335
frame_003633.png,5.670571
frame_003634.png,5.670199
frame_003635.png,5.664296
frame_003636.png,5.685841
frame_003637.png,5.683335
frame_003638.png,5.688806
frame_003639.png,5.642803
frame_003640.png,5.590488
frame_003641.png,5.552735
frame_003642.png,5.498879
frame_003643.png,5.444689
frame_003644.png,5.406055
frame_003645.png,5.411186
frame_003646.png,5.343160
frame_003647.png,5.298748
frame_003648.png,5.274788
frame_003649.png,5.275017
frame_003650.png,5.169315
frame_003651.png,5.071985
frame_003652.png,5.029209
frame_003653.png,4.974298
frame_003654.png,4.942913
frame_003655.png,4.875035
frame_003656.png,4.723715
frame_003657.png,4.728864
frame_003658.png,4.718490
frame_003659.png,4.793887
frame_003660.png,4.881823
frame_003661.png,4.911765
frame_003662.png,4.897506
frame_003663.png,4.835586
frame_003664.png,4.756383
frame_003665.png,4.752270
frame_003666.png,4.711997
frame_003667.png,4.612899
frame_003668.png,4.576071
frame_003669.png,4.533191
frame_003670.png,4.528399
frame_003671.png,4.468621
frame_003672.png,4.359705
frame_003673.png,4.305891
frame_003674.png,4.181699
frame_003675.png,4.148515
frame_003676.png,4.129421
frame_003677.png,4.185357
frame_003678.png,4.179277
frame_003679.png,4.115799
frame_003680.png,4.115440
frame_003681.png,4.120650
frame_003682.png,4.108758
frame_003683.png,4.087002
frame_003684.png,4.049657
frame_003685.png,4.038573
frame_003686.png,3.946017
frame_003687.png,3.960077
frame_003688.png,3.908441
frame_003689.png,3.876676
frame_003690.png,3.860174
frame_003691.png,3.877427
frame_003692.png,3.818945
frame_003693.png,3.794705
frame_003694.png,3.794394
frame_003695.png,3.798316
frame_003696.png,3.776852
frame_003697.png,3.757961
frame_003698.png,3.710644
frame_003699.png,3.724579
frame_003700.png,3.681761
frame_003701.png,3.674508
frame_003702.png,3.594313
frame_003703.png,3.610681
frame_003704.png,3.574794
frame_003705.png,3.608316
frame_003706.png,3.647444
frame_003707.png,3.670590
frame_003708.png,3.647434
frame_003709.png,3.712309
frame_003710.png,3.727294
frame_003711.png,3.753293
frame_003712.png,3.689593
frame_003713.png,3.762000
frame_003714.png,3.747774
frame_003715.png,3.797485
frame_003716.png,3.814838
frame_003717.png,3.873499
frame_003718.png,3.882894
frame_003719.png,3.921395
frame_003720.png,3.860149
frame_003721.png,3.874383
frame_003722.png,3.829207
frame_003723.png,3.773904
frame_003724.png,3.788553
frame_003725.png,3.749352
frame_003726.png,3.714296
frame_003727.png,3.714452
frame_003728.png,3.677149
frame_003729.png,3.637629
frame_003730.png,3.576302
frame_003731.png,3.564232
frame_003732.png,3.557988
frame_003733.png,3.637014
frame_003734.png,3.602151
frame_003735.png,3.639172
frame_003736.png,3.715274
frame_003737.png,3.827427
frame_003738.png,3.876970
frame_003739.png,3.938927
frame_003740.png,4.004037
frame_003741.png,4.074909
frame_003742.png,4.160467
frame_003743.png,4.128355
frame_003744.png,4.054722
frame_003745.png,3.931227
frame_003746.png,3.827290
frame_003747.png,3.779113
frame_003748.png,3.782591
frame_003749.png,3.759142
frame_003750.png,4.099132
frame_003751.png,3.703592
frame_003752.png,3.670247
frame_003753.png,3.656615
frame_003754.png,3.576414
frame_003755.png,3.580656
frame_003756.png,3.530849
frame_003757.png,3.494886
frame_003758.png,3.422689
frame_003759.png,3.480858
frame_003760.png,3.419959
frame_003761.png,3.426215
frame_003762.png,3.390446
frame_003763.png,3.437355
frame_003764.png,3.432149
frame_003765.png,3.405367
frame_003766.png,3.326441
frame_003767.png,3.372240
frame_003768.png,3.420974
frame_003769.png,3.398322
frame_003770.png,3.260411
frame_003771.png,3.282274
frame_003772.png,3.160554
frame_003773.png,3.012706
frame_003774.png,2.951856
frame_003775.png,2.819961
frame_003776.png,2.746813
frame_003777.png,2.700934
frame_003778.png,2.665297
frame_003779.png,2.656989
frame_003780.png,2.575255
frame_003781.png,2.544497
frame_003782.png,2.570669
frame_003783.png,2.573544
frame_003784.png,2.500195
frame_003785.png,2.494875
frame_003786.png,2.491960
frame_003787.png,2.482894
frame_003788.png,2.482000
frame_003789.png,2.493264
frame_003790.png,2.424794
frame_003791.png,2.409734
frame_003792.png,2.418052
frame_003793.png,2.384213
frame_003794.png,2.393169
frame_003795.png,2.357209
frame_003796.png,2.372975
frame_003797.png,2.375287
frame_003798.png,2.359074
frame_003799.png,2.364857
frame_003800.png,2.354122
frame_003801.png,2.344674
frame_003802.png,2.377182
frame_003803.png,2.429736
frame_003804.png,2.337375
frame_003805.png,2.270963
frame_003806.png,2.248436
frame_003807.png,2.254830
frame_003808.png,2.210127
frame_003809.png,2.227382
frame_003810.png,2.267240
frame_003811.png,2.246383
frame_003812.png,2.286038
frame_003813.png,2.268304
frame_003814.png,2.302946
frame_003815.png,2.363349
frame_003816.png,2.257373
frame_003817.png,2.235774
frame_003818.png,2.201233
frame_003819.png,2.234313
frame_003820.png,2.258181
frame_003821.png,2.273266
frame_003822.png,2.215932
frame_003823.png,2.093380
frame_003824.png,2.047944
frame_003825.png,2.005386
frame_003826.png,1.987234
frame_003827.png,2.022730
frame_003828.png,2.002257
frame_003829.png,1.966595
frame_003830.png,1.964026
frame_003831.png,1.938274
frame_003832.png,1.826559
frame_003833.png,1.813158
frame_003834.png,1.811356
frame_003835.png,1.763694
frame_003836.png,1.746692
frame_003837.png,1.708810
frame_003838.png,1.648405
frame_003839.png,1.648063
frame_003840.png,1.568708
frame_003841.png,1.524846
frame_003842.png,1.522535
frame_003843.png,1.545357
frame_003844.png,1.548864
frame_003845.png,1.554693
frame_003846.png,1.502500
frame_003847.png,1.495037
frame_003848.png,1.446439
frame_003849.png,1.452062
frame_003850.png,1.416074
frame_003851.png,1.427461
frame_003852.png,1.385461
frame_003853.png,1.368642
frame_003854.png,1.364205
frame_003855.png,1.358883
frame_003856.png,1.366142
frame_003857.png,1.361628
frame_003858.png,1.382139
frame_003859.png,1.412537
frame_003860.png,1.393314
frame_003861.png,1.423889
frame_003862.png,1.407274
frame_003863.png,1.497535
frame_003864.png,1.516564
frame_003865.png,1.698021
frame_003866.png,1.739581
frame_003867.png,1.731617
frame_003868.png,1.683382
frame_003869.png,1.663430
frame_003870.png,1.597270
frame_003871.png,1.530534
frame_003872.png,1.440056
frame_003873.png,1.421854
frame_003874.png,1.421979
frame_003875.png,1.376379
frame_003876.png,1.332830
frame_003877.png,1.297946
frame_003878.png,1.273700
frame_003879.png,1.248401
frame_003880.png,1.280031
frame_003881.png,1.321821
frame_003882.png,1.266574
frame_003883.png,1.259228
frame_003884.png,1.261672
frame_003885.png,1.267423
frame_003886.png,1.236350
frame_003887.png,1.277031
frame_003888.png,1.294633
frame_003889.png,1.255538
frame_003890.png,1.250388
frame_003891.png,1.253777
frame_003892.png,1.271609
frame_003893.png,1.285245
frame_003894.png,1.284807
frame_003895.png,1.287199
frame_003896.png,1.273399
frame_003897.png,1.284271
frame_003898.png,1.289107
frame_003899.png,1.241055
frame_003900.png,1.245984
frame_003901.png,1.275735
frame_003902.png,1.201130
frame_003903.png,1.223578
frame_003904.png,1.239653
frame_003905.png,1.222666
frame_003906.png,1.207899
frame_003907.png,1.199153
frame_003908.png,1.227402
frame_003909.png,1.276535
frame_003910.png,1.222446
frame_003911.png,1.221935
frame_003912.png,1.248002
frame_003913.png,1.255891
frame_003914.png,1.263206
frame_003915.png,1.290843
frame_003916.png,1.262114
frame_003917.png,1.489535
frame_003918.png,1.555251
frame_003919.png,1.269421
frame_003920.png,1.273769
frame_003921.png,1.243206
frame_003922.png,1.228600
frame_003923.png,1.263648
frame_003924.png,1.238600
frame_003925.png,1.260415
frame_003926.png,1.221474
frame_003927.png,1.221669
frame_003928.png,1.200284
frame_003929.png,1.239992
frame_003930.png,1.192778
frame_003931.png,1.183752
frame_003932.png,1.175864
frame_003933.png,1.212919
frame_003934.png,1.189942
frame_003935.png,1.233343
frame_003936.png,1.235395
frame_003937.png,1.228463
frame_003938.png,1.212458
frame_003939.png,1.229172
frame_003940.png,1.224959
frame_003941.png,1.246944
frame_003942.png,1.263565
frame_003943.png,1.286487
frame_003944.png,1.264747
frame_003945.png,1.237151
frame_003946.png,1.235050
frame_003947.png,1.232440
frame_003948.png,1.227485
frame_003949.png,1.228819
frame_003950.png,1.216264
frame_003951.png,1.235490
frame_003952.png,1.240793
frame_003953.png,1.206933
frame_003954.png,1.216890
frame_003955.png,1.221402
frame_003956.png,1.237427
frame_003957.png,1.212469
frame_003958.png,1.227197
frame_003959.png,1.242768
frame_003960.png,1.230866
frame_003961.png,1.200561
frame_003962.png,1.212608
frame_003963.png,1.195064
frame_003964.png,1.245685
frame_003965.png,1.225856
frame_003966.png,1.198808
frame_003967.png,1.212913
frame_003968.png,1.281341
frame_003969.png,1.240914
frame_003970.png,1.283191
frame_003971.png,1.263264
frame_003972.png,1.259414
frame_003973.png,1.269765
frame_003974.png,1.264558
frame_003975.png,1.281111
frame_003976.png,1.270843
frame_003977.png,1.242934
frame_003978.png,1.275822
frame_003979.png,1.283542
frame_003980.png,1.271900
frame_003981.png,1.276375
frame_003982.png,1.243347
frame_003983.png,1.260775
frame_003984.png,1.268256
frame_003985.png,1.255214
frame_003986.png,1.287647
frame_003987.png,1.310465
frame_003988.png,1.306348
frame_003989.png,1.293752
frame_003990.png,1.313351
frame_003991.png,1.338447
frame_003992.png,1.375502
frame_003993.png,1.391838
frame_003994.png,1.382710
frame_003995.png,1.376904
frame_003996.png,1.361140
frame_003997.png,1.344990
frame_003998.png,1.338331
frame_003999.png,1.340536
frame_004000.png,1.638243
frame_004001.png,1.358821
frame_004002.png,1.357666
frame_004003.png,1.388802
frame_004004.png,1.376418
frame_004005.png,1.360862
frame_004006.png,1.361966
frame_004007.png,1.354282
frame_004008.png,1.347280
frame_004009.png,1.418540
frame_004010.png,1.473250
frame_004011.png,1.509464
frame_004012.png,1.473447
frame_004013.png,1.427859
frame_004014.png,1.397874
frame_004015.png,1.338914
frame_004016.png,1.336044
frame_004017.png,1.387600
frame_004018.png,1.410748
frame_004019.png,1.397303
frame_004020.png,1.299603
frame_004021.png,1.359417
frame_004022.png,1.310502
frame_004023.png,1.383455
frame_004024.png,1.290712
frame_004025.png,1.299203
frame_004026.png,1.276609
frame_004027.png,1.223455
frame_004028.png,1.164078
frame_004029.png,1.210795
frame_004030.png,1.181447
frame_004031.png,1.227118
frame_004032.png,1.190473
frame_004033.png,1.174045
frame_004034.png,1.121007
frame_004035.png,1.061397
frame_004036.png,1.043497
frame_004037.png,1.073929
frame_004038.png,1.098584
frame_004039.png,1.105480
frame_004040.png,1.098034
frame_004041.png,1.100247
frame_004042.png,1.095500
frame_004043.png,1.058698
frame_004044.png,1.017799
frame_004045.png,1.079284
frame_004046.png,1.086931
frame_004047.png,1.081200
frame_004048.png,1.104358
frame_004049.png,1.071674
frame_004050.png,1.098781
frame_004051.png,1.064711
frame_004052.png,1.015745
frame_004053.png,1.045455
frame_004054.png,1.086215
frame_004055.png,1.073287
frame_004056.png,1.105270
frame_004057.png,1.107990
frame_004058.png,1.090401
frame_004059.png,1.117541
frame_004060.png,1.103926
frame_004061.png,1.061188
frame_004062.png,1.067124
frame_004063.png,1.093150
frame_004064.png,1.134919
frame_004065.png,1.130388
frame_004066.png,1.122726
frame_004067.png,1.174217
frame_004068.png,1.136422
frame_004069.png,1.154369
frame_004070.png,1.132494
frame_004071.png,1.154614
frame_004072.png,1.145285
frame_004073.png,1.200010
frame_004074.png,1.162780
frame_004075.png,1.193754
frame_004076.png,1.145910
frame_004077.png,1.196759
frame_004078.png,1.199084
frame_004079.png,1.234722
frame_004080.png,1.232720
frame_004081.png,1.248331
frame_004082.png,1.253627
frame_004083.png,1.228291
frame_004084.png,1.209668
frame_004085.png,1.238999
frame_004086.png,1.235116
frame_004087.png,1.245826
frame_004088.png,1.302876
frame_004089.png,1.306171
frame_004090.png,1.304408
frame_004091.png,1.355478
frame_004092.png,1.385220
frame_004093.png,1.445075
frame_004094.png,1.467903
frame_004095.png,1.451144
frame_004096.png,1.469086
frame_004097.png,1.465600
frame_004098.png,1.462122
frame_004099.png,1.433198
frame_004100.png,1.393027
frame_004101.png,1.448848
frame_004102.png,1.420527
frame_004103.png,1.385554
frame_004104.png,1.384786
frame_004105.png,1.392367
frame_004106.png,1.383050
frame_004107.png,1.401508
frame_004108.png,1.414396
frame_004109.png,1.423931
frame_004110.png,1.432240
frame_004111.png,1.435766
frame_004112.png,1.467054
frame_004113.png,1.455123
frame_004114.png,1.444439
frame_004115.png,1.468650
frame_004116.png,1.483935
frame_004117.png,1.525106
frame_004118.png,1.567683
frame_004119.png,1.547261
frame_004120.png,1.519284
frame_004121.png,1.548208
frame_004122.png,1.610642
frame_004123.png,1.625934
frame_004124.png,1.658927
frame_004125.png,1.661092
frame_004126.png,1.685469
frame_004127.png,1.695195
frame_004128.png,1.719981
frame_004129.png,1.744221
frame_004130.png,1.799323
frame_004131.png,1.798189
frame_004132.png,1.860091
frame_004133.png,1.847622
frame_004134.png,1.876686
frame_004135.png,1.916038
frame_004136.png,1.923736
frame_004137.png,1.988167
frame_004138.png,1.979799
frame_004139.png,2.012321
frame_004140.png,2.023954
frame_004141.png,2.083322
frame_004142.png,2.121275
frame_004143.png,2.158258
frame_004144.png,2.190025
frame_004145.png,2.288690
frame_004146.png,2.320195
frame_004147.png,2.345912
frame_004148.png,2.372924
frame_004149.png,2.458206
frame_004150.png,2.467845
frame_004151.png,2.516346
frame_004152.png,2.521676
frame_004153.png,2.563287
frame_004154.png,2.594720
frame_004155.png,2.588956
frame_004156.png,2.584267
frame_004157.png,2.603918
frame_004158.png,2.620158
frame_004159.png,2.609736
frame_004160.png,2.584336
frame_004161.png,2.627949
frame_004162.png,2.584709
frame_004163.png,2.566800
frame_004164.png,2.597253
frame_004165.png,2.586125
frame_004166.png,2.559817
frame_004167.png,2.573198
frame_004168.png,2.574747
frame_004169.png,2.590100
frame_004170.png,2.591100
frame_004171.png,2.583472
frame_004172.png,2.568337
frame_004173.png,2.583268
frame_004174.png,2.558015
frame_004175.png,2.538250
frame_004176.png,2.552419
frame_004177.png,2.566586
frame_004178.png,2.562031
frame_004179.png,2.570666
frame_004180.png,2.564842
frame_004181.png,2.598785
frame_004182.png,2.592575
frame_004183.png,2.595675
frame_004184.png,2.585953
frame_004185.png,2.595602
frame_004186.png,2.600853
frame_004187.png,2.601850
frame_004188.png,2.558050
frame_004189.png,2.610986
frame_004190.png,2.588906
frame_004191.png,2.592946
frame_004192.png,2.580330
frame_004193.png,2.609703
frame_004194.png,2.585814
frame_004195.png,2.591599
frame_004196.png,2.569963
frame_004197.png,2.600135
frame_004198.png,2.605988
frame_004199.png,2.572936
frame_004200.png,2.563972
frame_004201.png,2.558459
frame_004202.png,2.527541
frame_004203.png,2.491831
frame_004204.png,2.478227
frame_004205.png,2.502114
frame_004206.png,2.481958
frame_004207.png,2.450966
frame_004208.png,2.455845
frame_004209.png,2.448764
frame_004210.png,2.440965
frame_004211.png,2.397421
frame_004212.png,2.360797
frame_004213.png,2.362961
frame_004214.png,2.351391
frame_004215.png,2.249711
frame_004216.png,2.174008
frame_004217.png,2.081887
frame_004218.png,2.279421
frame_004219.png,2.364163
frame_004220.png,2.392728
frame_004221.png,2.464487
frame_004222.png,2.469682
frame_004223.png,2.462793
frame_004224.png,2.521613
frame_004225.png,2.578981
frame_004226.png,2.547151
frame_004227.png,2.558221
frame_004228.png,2.572454
frame_004229.png,2.612760
frame_004230.png,2.624084
frame_004231.png,2.596746
frame_004232.png,2.601725
frame_004233.png,2.513752
frame_004234.png,2.518719
frame_004235.png,2.626993
frame_004236.png,2.666300
frame_004237.png,2.720098
frame_004238.png,2.755550
frame_004239.png,2.850123
frame_004240.png,2.880787
frame_004241.png,2.936740
frame_004242.png,2.942076
frame_004243.png,2.963777
frame_004244.png,2.970698
frame_004245.png,3.013632
frame_004246.png,3.000355
frame_004247.png,3.014371
frame_004248.png,3.066977
frame_004249.png,3.064338
frame_004250.png,3.367247
frame_004251.png,3.206169
frame_004252.png,3.213349
frame_004253.png,3.239757
frame_004254.png,3.219863
frame_004255.png,3.299377
frame_004256.png,3.275949
frame_004257.png,3.245725
frame_004258.png,3.225029
frame_004259.png,3.263164
frame_004260.png,3.236916
frame_004261.png,3.246730
frame_004262.png,3.277321
frame_004263.png,3.336904
frame_004264.png,3.317220
frame_004265.png,3.333540
frame_004266.png,3.406356
frame_004267.png,3.470772
frame_004268.png,3.438711
frame_004269.png,3.453069
frame_004270.png,3.453513
frame_004271.png,3.561921
frame_004272.png,3.551240
frame_004273.png,3.564904
frame_004274.png,3.546348
frame_004275.png,3.611869
frame_004276.png,3.572629
frame_004277.png,3.662085
frame_004278.png,3.646852
frame_004279.png,3.721628
frame_004280.png,3.727595
frame_004281.png,3.742070
frame_004282.png,3.749234
frame_004283.png,3.867245
frame_004284.png,3.877598
frame_004285.png,3.854726
frame_004286.png,3.831302
frame_004287.png,3.925797
frame_004288.png,3.915914
frame_004289.png,3.911970
frame_004290.png,3.899010
frame_004291.png,3.988655
frame_004292.png,3.998241
frame_004293.png,4.088364
frame_004294.png,4.114095
frame_004295.png,4.209217
frame_004296.png,4.210777
frame_004297.png,4.219531
frame_004298.png,4.266049
frame_004299.png,4.270284
frame_004300.png,4.187820
frame_004301.png,4.205029
frame_004302.png,4.235338
frame_004303.png,4.395212
frame_004304.png,4.332147
frame_004305.png,4.223632
frame_004306.png,4.194142
frame_004307.png,4.267745
frame_004308.png,4.318191
frame_004309.png,4.302064
frame_004310.png,4.256489
frame_004311.png,4.195089
frame_004312.png,4.167481
frame_004313.png,4.146725
frame_004314.png,4.098970
frame_004315.png,4.097703
frame_004316.png,4.078918
frame_004317.png,4.160056
frame_004318.png,4.164373
frame_004319.png,4.242749
frame_004320.png,4.154296
frame_004321.png,4.293362
frame_004322.png,4.386240
frame_004323.png,4.457008
frame_004324.png,4.437442
frame_004325.png,4.351044
frame_004326.png,4.291680
frame_004327.png,4.314705
frame_004328.png,4.270766
frame_004329.png,4.257303
frame_004330.png,4.306310
frame_004331.png,4.294522
frame_004332.png,4.268800
frame_004333.png,4.244892
frame_004334.png,4.272969
frame_004335.png,4.184180
frame_004336.png,4.185583
frame_004337.png,4.139032
frame_004338.png,4.132199
frame_004339.png,4.193738
frame_004340.png,4.142575
frame_004341.png,4.137747
frame_004342.png,4.107816
frame_004343.png,4.112253
frame_004344.png,4.060135
frame_004345.png,4.104338
frame_004346.png,4.200432
frame_004347.png,4.199041
frame_004348.png,4.163526
frame_004349.png,4.172135
frame_004350.png,4.227797
frame_004351.png,4.235480
frame_004352.png,4.220565
frame_004353.png,4.210168
frame_004354.png,4.202106
frame_004355.png,4.286400
frame_004356.png,4.265963
frame_004357.png,4.287305
frame_004358.png,4.247276
frame_004359.png,4.308131
frame_004360.png,4.291863
frame_004361.png,4.339047
frame_004362.png,4.287593
frame_004363.png,4.342834
frame_004364.png,4.274201
frame_004365.png,4.192149
frame_004366.png,4.149551
frame_004367.png,4.127737
frame_004368.png,4.089132
frame_004369.png,4.084842
frame_004370.png,3.998601
frame_004371.png,4.028927
frame_004372.png,4.011412
frame_004373.png,3.984500
frame_004374.png,4.012492
frame_004375.png,3.973403
frame_004376.png,3.956235
frame_004377.png,3.980600
frame_004378.png,3.955475
frame_004379.png,3.995027
frame_004380.png,4.056179
frame_004381.png,4.106595
frame_004382.png,4.126483
frame_004383.png,4.128571
frame_004384.png,4.077230
frame_004385.png,4.045903
frame_004386.png,4.020866
frame_004387.png,3.994624
frame_004388.png,3.957031
frame_004389.png,3.945847
frame_004390.png,3.900652
frame_004391.png,3.855407
frame_004392.png,3.822508
frame_004393.png,3.827004
frame_004394.png,3.788617
frame_004395.png,3.738328
frame_004396.png,3.712232
frame_004397.png,3.689307
frame_004398.png,3.645490
frame_004399.png,3.648746
frame_004400.png,3.648648
frame_004401.png,3.628088
frame_004402.png,3.622132
frame_004403.png,3.635729
frame_004404.png,3.572959
frame_004405.png,3.521615
frame_004406.png,3.461416
frame_004407.png,3.490251
frame_004408.png,3.469313
frame_004409.png,3.414649
frame_004410.png,3.464506
frame_004411.png,3.481418
frame_004412.png,3.394377
frame_004413.png,3.314338
frame_004414.png,3.258216
frame_004415.png,3.309900
frame_004416.png,3.305405
frame_004417.png,3.340899
frame_004418.png,3.308573
frame_004419.png,3.336474
frame_004420.png,3.380195
frame_004421.png,3.371136
frame_004422.png,3.379830
frame_004423.png,3.419927
frame_004424.png,3.489171
frame_004425.png,3.492969
frame_004426.png,3.461306
frame_004427.png,3.533262
frame_004428.png,3.552340
frame_004429.png,3.546883
frame_004430.png,3.540907
frame_004431.png,3.565098
frame_004432.png,3.607932
frame_004433.png,3.594732
frame_004434.png,3.603490
frame_004435.png,3.564608
frame_004436.png,3.520532
frame_004437.png,3.522757
frame_004438.png,3.485874
frame_004439.png,3.532429
frame_004440.png,3.512569
frame_004441.png,3.507309
frame_004442.png,3.445976
frame_004443.png,3.489034
frame_004444.png,3.450916
frame_004445.png,3.459144
frame_004446.png,3.448432
frame_004447.png,3.472867
frame_004448.png,3.464186
frame_004449.png,3.450066
frame_004450.png,3.371408
frame_004451.png,3.440143
frame_004452.png,3.424470
frame_004453.png,3.416622
frame_004454.png,3.393229
frame_004455.png,3.419381
frame_004456.png,3.406694
frame_004457.png,3.438594
frame_004458.png,3.370125
frame_004459.png,3.425542
frame_004460.png,3.443131
frame_004461.png,3.459919
frame_004462.png,3.420710
frame_004463.png,3.473113
frame_004464.png,3.541381
frame_004465.png,3.558634
frame_004466.png,3.463843
frame_004467.png,3.504404
frame_004468.png,3.525449
frame_004469.png,3.495573
frame_004470.png,3.437317
frame_004471.png,3.445662
frame_004472.png,3.428723
frame_004473.png,3.411167
frame_004474.png,3.396798
frame_004475.png,3.419817
frame_004476.png,3.417976
frame_004477.png,3.408980
frame_004478.png,3.358434
frame_004479.png,3.350453
frame_004480.png,3.321906
frame_004481.png,3.285349
frame_004482.png,3.201889
frame_004483.png,3.209626
frame_004484.png,3.200895
frame_004485.png,3.182442
frame_004486.png,3.127641
frame_004487.png,3.171840
frame_004488.png,3.147427
frame_004489.png,3.161914
frame_004490.png,3.107753
frame_004491.png,3.153700
frame_004492.png,3.123630
frame_004493.png,3.121508
frame_004494.png,3.072018
frame_004495.png,3.127475
frame_004496.png,3.145201
frame_004497.png,3.130845
frame_004498.png,3.073532
frame_004499.png,3.036040
frame_004500.png,3.582105
frame_004501.png,3.169309
frame_004502.png,3.183121
frame_004503.png,3.165039
frame_004504.png,3.130851
frame_004505.png,3.126213
frame_004506.png,3.144620
frame_004507.png,3.129877
frame_004508.png,3.096898
frame_004509.png,3.147838
frame_004510.png,3.192263
frame_004511.png,3.206481
frame_004512.png,3.155417
frame_004513.png,3.200042
frame_004514.png,3.206319
frame_004515.png,3.199969
frame_004516.png,3.158688
frame_004517.png,3.227114
frame_004518.png,3.243366
frame_004519.png,3.276806
frame_004520.png,3.248295
frame_004521.png,3.305731
frame_004522.png,3.336588
frame_004523.png,3.350928
frame_004524.png,3.345455
frame_004525.png,3.356493
frame_004526.png,3.354576
frame_004527.png,3.327193
frame_004528.png,3.278812
frame_004529.png,3.274144
frame_004530.png,3.281115
frame_004531.png,3.241175
frame_004532.png,3.192886
frame_004533.png,3.202361
frame_004534.png,3.209576
frame_004535.png,3.196699
frame_004536.png,3.135841
frame_004537.png,3.146769
frame_004538.png,3.130573
frame_004539.png,3.160525
frame_004540.png,3.087895
frame_004541.png,3.158758
frame_004542.png,3.101474
frame_004543.png,3.131890
frame_004544.png,3.071626
frame_004545.png,3.097392
frame_004546.png,3.119713
frame_004547.png,3.116285
frame_004548.png,3.078426
frame_004549.png,3.147002
frame_004550.png,3.132733
frame_004551.png,3.141462
frame_004552.png,3.111910
frame_004553.png,3.138630
frame_004554.png,3.093794
frame_004555.png,3.091844
frame_004556.png,3.026061
frame_004557.png,3.035129
frame_004558.png,3.027535
frame_004559.png,3.017558
frame_004560.png,2.976236
frame_004561.png,3.034080
frame_004562.png,3.025000
frame_004563.png,3.051640
frame_004564.png,3.014477
frame_004565.png,3.039894
frame_004566.png,3.014572
frame_004567.png,3.017901
frame_004568.png,2.940100
frame_004569.png,2.976948
frame_004570.png,3.000517
frame_004571.png,3.035314
frame_004572.png,2.940592
frame_004573.png,2.948708
frame_004574.png,2.916528
frame_004575.png,2.898609
frame_004576.png,2.833088
frame_004577.png,2.884448
frame_004578.png,2.852816
frame_004579.png,2.821082
frame_004580.png,2.733619
frame_004581.png,2.741142
frame_004582.png,2.706877
frame_004583.png,2.692110
frame_004584.png,2.662128
frame_004585.png,2.668706
frame_004586.png,2.633860
frame_004587.png,2.649838
frame_004588.png,2.580920
frame_004589.png,2.597598
frame_004590.png,2.574678
frame_004591.png,2.590924
frame_004592.png,2.514965
frame_004593.png,2.556553
frame_004594.png,2.499757
frame_004595.png,2.523781
frame_004596.png,2.444504
frame_004597.png,2.486919
frame_004598.png,2.466501
frame_004599.png,2.454769
frame_004600.png,2.402373
frame_004601.png,2.438100
frame_004602.png,2.416159
frame_004603.png,2.394473
frame_004604.png,2.312251
frame_004605.png,2.339302
frame_004606.png,2.310627
frame_004607.png,2.306908
frame_004608.png,2.221894
frame_004609.png,2.267541
frame_004610.png,2.282465
frame_004611.png,2.287323
frame_004612.png,2.233536
frame_004613.png,2.298250
frame_004614.png,2.291881
frame_004615.png,2.308328
frame_004616.png,2.247332
frame_004617.png,2.282708
frame_004618.png,2.263461
frame_004619.png,2.292091
frame_004620.png,2.274032
frame_004621.png,2.314385
frame_004622.png,2.309836
frame_004623.png,2.296902
frame_004624.png,2.237955
frame_004625.png,2.267147
frame_004626.png,2.280895
frame_004627.png,2.277149
frame_004628.png,2.218891
frame_004629.png,2.246356
frame_004630.png,2.242560
frame_004631.png,2.225822
frame_004632.png,2.166860
frame_004633.png,2.222454
frame_004634.png,2.214273
frame_004635.png,2.222845
frame_004636.png,2.168314
frame_004637.png,2.212182
frame_004638.png,2.217025
frame_004639.png,2.232797
frame_004640.png,2.154576
frame_004641.png,2.198302
frame_004642.png,2.207841
frame_004643.png,2.204890
frame_004644.png,2.175683
frame_004645.png,2.178995
frame_004646.png,2.194688
frame_004647.png,2.174091
frame_004648.png,2.121572
frame_004649.png,2.193470
frame_004650.png,2.204979
frame_004651.png,2.226289
frame_004652.png,2.153262
frame_004653.png,2.242834
frame_004654.png,2.272126
frame_004655.png,2.322784
frame_004656.png,2.244433
frame_004657.png,2.295147
frame_004658.png,2.268418
frame_004659.png,2.298216
frame_004660.png,2.223057
frame_004661.png,2.263191
frame_004662.png,2.233220
frame_004663.png,2.228449
frame_004664.png,2.155735
frame_004665.png,2.186545
frame_004666.png,2.165039
frame_004667.png,2.163493
frame_004668.png,2.079182
frame_004669.png,2.146860
frame_004670.png,2.161302
frame_004671.png,2.147940
frame_004672.png,2.114745
frame_004673.png,2.148736
frame_004674.png,2.107867
frame_004675.png,2.148084
frame_004676.png,2.116632
frame_004677.png,2.161813
frame_004678.png,2.114643
frame_004679.png,2.133050
frame_004680.png,2.051042
frame_004681.png,2.078497
frame_004682.png,2.062149
frame_004683.png,2.089904
frame_004684.png,2.005334
frame_004685.png,2.049427
frame_004686.png,2.033262
frame_004687.png,2.017336
frame_004688.png,1.939552
frame_004689.png,1.994095
frame_004690.png,1.967988
frame_004691.png,2.006389
frame_004692.png,1.999776
frame_004693.png,1.969404
frame_004694.png,1.983409
frame_004695.png,1.974242
frame_004696.png,1.897766
frame_004697.png,1.938277
frame_004698.png,1.944525
frame_004699.png,1.934713
frame_004700.png,1.859468
frame_004701.png,1.917778
frame_004702.png,1.935818
frame_004703.png,1.946441
frame_004704.png,1.880791
frame_004705.png,1.898445
frame_004706.png,1.907984
frame_004707.png,1.916366
frame_004708.png,1.851929
frame_004709.png,1.898528
frame_004710.png,1.918412
frame_004711.png,1.921937
frame_004712.png,1.875812
frame_004713.png,1.893555
frame_004714.png,1.914963
frame_004715.png,1.924659
frame_004716.png,1.852789
frame_004717.png,1.875411
frame_004718.png,1.892809
frame_004719.png,1.915340
frame_004720.png,1.832672
frame_004721.png,1.868765
frame_004722.png,1.874877
frame_004723.png,1.851698
frame_004724.png,1.776833
frame_004725.png,1.804371
frame_004726.png,1.817089
frame_004727.png,1.839811
frame_004728.png,1.734271
frame_004729.png,1.786119
frame_004730.png,1.762973
frame_004731.png,1.782539
frame_004732.png,1.714713
frame_004733.png,1.772840
frame_004734.png,1.797791
frame_004735.png,1.782919
frame_004736.png,1.738922
frame_004737.png,1.742199
frame_004738.png,1.757488
frame_004739.png,1.753706
frame_004740.png,1.685446
frame_004741.png,1.714429
frame_004742.png,1.732770
frame_004743.png,1.755903
frame_004744.png,1.698636
frame_004745.png,1.745417
frame_004746.png,1.745000
frame_004747.png,1.782267
frame_004748.png,1.708630
frame_004749.png,1.671809
frame_004750.png,2.192143
frame_004751.png,1.782189
frame_004752.png,1.826337
frame_004753.png,1.822419
frame_004754.png,1.787649
frame_004755.png,1.817456
frame_004756.png,1.844144
frame_004757.png,1.850895
frame_004758.png,1.811329
frame_004759.png,1.828372
frame_004760.png,1.845760
frame_004761.png,1.862230
frame_004762.png,1.828848
frame_004763.png,1.850666
frame_004764.png,1.895311
frame_004765.png,1.917855
frame_004766.png,1.849470
frame_004767.png,1.901310
frame_004768.png,1.919919
frame_004769.png,1.924419
frame_004770.png,1.854591
frame_004771.png,1.907595
frame_004772.png,1.887014
frame_004773.png,1.933985
frame_004774.png,1.844909
frame_004775.png,1.844967
frame_004776.png,1.872382
frame_004777.png,1.891663
frame_004778.png,1.794068
frame_004779.png,1.846989
frame_004780.png,1.852984
frame_004781.png,1.860669
frame_004782.png,1.788563
frame_004783.png,1.774412
frame_004784.png,1.768430
frame_004785.png,1.732986
frame_004786.png,1.658308
frame_004787.png,1.691468
frame_004788.png,1.650255
frame_004789.png,1.677122
frame_004790.png,1.589622
frame_004791.png,1.600355
frame_004792.png,1.616767
frame_004793.png,1.614763
frame_004794.png,1.535226
frame_004795.png,1.574041
frame_004796.png,1.535093
frame_004797.png,1.530696
frame_004798.png,1.485037
frame_004799.png,1.495806
frame_004800.png,1.496709
frame_004801.png,1.489145
frame_004802.png,1.442323
frame_004803.png,1.480868
frame_004804.png,1.480720
frame_004805.png,1.497145
frame_004806.png,1.433156
frame_004807.png,1.474549
frame_004808.png,1.478748
frame_004809.png,1.493262
frame_004810.png,1.407928
frame_004811.png,1.429840
frame_004812.png,1.425856
frame_004813.png,1.456809
frame_004814.png,1.368752
frame_004815.png,1.387228
frame_004816.png,1.401611
frame_004817.png,1.415530
frame_004818.png,1.332481
frame_004819.png,1.356931
frame_004820.png,1.353102
frame_004821.png,1.368744
frame_004822.png,1.312079
frame_004823.png,1.334938
frame_004824.png,1.350289
frame_004825.png,1.371561
frame_004826.png,1.287625
frame_004827.png,1.320706
frame_004828.png,1.312205
frame_004829.png,1.335156
frame_004830.png,1.250579
frame_004831.png,1.316003
frame_004832.png,1.313586
frame_004833.png,1.286973
frame_004834.png,1.199720
frame_004835.png,1.266258
frame_004836.png,1.270314
frame_004837.png,1.279369
frame_004838.png,1.237631
frame_004839.png,1.238493
frame_004840.png,1.269944
frame_004841.png,1.298754
frame_004842.png,1.215320
frame_004843.png,1.252209
frame_004844.png,1.253702
frame_004845.png,1.291271
frame_004846.png,1.220862
frame_004847.png,1.246306
frame_004848.png,1.251090
frame_004849.png,1.278684
frame_004850.png,1.185453
frame_004851.png,1.218654
frame_004852.png,1.230810
frame_004853.png,1.245102
frame_004854.png,1.186647
frame_004855.png,1.238210
frame_004856.png,1.217095
frame_004857.png,1.231119
frame_004858.png,1.169757
frame_004859.png,1.194284
frame_004860.png,1.201086
frame_004861.png,1.223837
frame_004862.png,1.172679
frame_004863.png,1.187888
frame_004864.png,1.169203
frame_004865.png,1.187041
frame_004866.png,1.123601
frame_004867.png,1.136603
frame_004868.png,1.143193
frame_004869.png,1.142712
frame_004870.png,1.079099
frame_004871.png,1.109977
frame_004872.png,1.119111
frame_004873.png,1.130725
frame_004874.png,1.061883
frame_004875.png,1.090455
frame_004876.png,1.083185
frame_004877.png,1.113617
frame_004878.png,1.059782
frame_004879.png,1.093218
frame_004880.png,1.102018
frame_004881.png,1.093598
frame_004882.png,1.019711
frame_004883.png,1.068792
frame_004884.png,1.058598
frame_004885.png,1.079390
frame_004886.png,1.010835
frame_004887.png,1.028121
frame_004888.png,1.039099
frame_004889.png,1.039026
frame_004890.png,0.959406
frame_004891.png,0.986233
frame_004892.png,1.000530
frame_004893.png,1.017951
frame_004894.png,0.951333
frame_004895.png,0.982915
frame_004896.png,0.967542
frame_004897.png,0.976051
frame_004898.png,0.930463
frame_004899.png,0.958206
frame_004900.png,0.966117
frame_004901.png,0.977108
frame_004902.png,0.926372
frame_004903.png,0.953760
frame_004904.png,0.946638
frame_004905.png,0.950673
frame_004906.png,0.888439
frame_004907.png,0.895515
frame_004908.png,0.922500
frame_004909.png,0.962652
frame_004910.png,0.883586
frame_004911.png,0.893171
frame_004912.png,0.891869
frame_004913.png,0.897025
frame_004914.png,0.834277
frame_004915.png,0.849363
frame_004916.png,0.844356
frame_004917.png,0.870021
frame_004918.png,0.803991
frame_004919.png,0.832720
frame_004920.png,0.841775
frame_004921.png,0.867016
frame_004922.png,0.792975
frame_004923.png,0.808872
frame_004924.png,0.800208
frame_004925.png,0.816400
frame_004926.png,0.779402
frame_004927.png,0.803794
frame_004928.png,0.817446
frame_004929.png,0.869778
frame_004930.png,0.794072
frame_004931.png,0.826962
frame_004932.png,0.832315
frame_004933.png,0.857261
frame_004934.png,0.782525
frame_004935.png,0.809427
frame_004936.png,0.822510
frame_004937.png,0.850021
frame_004938.png,0.788586
frame_004939.png,0.812541
frame_004940.png,0.834660
frame_004941.png,0.851179
frame_004942.png,0.783883
frame_004943.png,0.812963
frame_004944.png,0.814767
frame_004945.png,0.855652
frame_004946.png,0.771460
frame_004947.png,0.797944
frame_004948.png,0.823627
frame_004949.png,0.871829
frame_004950.png,0.803299
frame_004951.png,0.845284
frame_004952.png,0.839063
frame_004953.png,0.869460
frame_004954.png,0.784088
frame_004955.png,0.802527
frame_004956.png,0.803682
frame_004957.png,0.820125
frame_004958.png,0.731935
frame_004959.png,0.774543
frame_004960.png,0.780799
frame_004961.png,0.814585
frame_004962.png,0.727087
frame_004963.png,0.787078
frame_004964.png,0.775652
frame_004965.png,0.819456
frame_004966.png,0.741732
frame_004967.png,0.790959
frame_004968.png,0.796613
frame_004969.png,0.823941
frame_004970.png,0.762583
frame_004971.png,0.781366
frame_004972.png,0.790116
frame_004973.png,0.814662
frame_004974.png,0.750714
frame_004975.png,0.781424
frame_004976.png,0.793291
frame_004977.png,0.798542
frame_004978.png,0.735241
frame_004979.png,0.768881
frame_004980.png,0.759709
frame_004981.png,0.779520
frame_004982.png,0.710062
frame_004983.png,0.728744
frame_004984.png,0.742566
frame_004985.png,0.786186
frame_004986.png,0.709751
frame_004987.png,0.732274
frame_004988.png,0.751541
frame_004989.png,0.753266
frame_004990.png,0.682969
frame_004991.png,0.712157
frame_004992.png,0.727751
frame_004993.png,0.734103
frame_004994.png,0.674718
frame_004995.png,0.697708
frame_004996.png,0.720096
frame_004997.png,0.744211
frame_004998.png,0.675552
frame_004999.png,0.655386
frame_005000.png,1.104385
frame_005001.png,0.666865
frame_005002.png,0.697824
frame_005003.png,0.718169
frame_005004.png,0.662917
frame_005005.png,0.697390
frame_005006.png,0.700183
frame_005007.png,0.728108
frame_005008.png,0.682336
frame_005009.png,0.703447
frame_005010.png,0.713962
frame_005011.png,0.750395
frame_005012.png,0.668667
frame_005013.png,0.688459
frame_005014.png,0.696547
frame_005015.png,0.731046
frame_005016.png,0.671572
frame_005017.png,0.704302
frame_005018.png,0.720276
frame_005019.png,0.732587
frame_005020.png,0.676383
frame_005021.png,0.703470
frame_005022.png,0.710542
frame_005023.png,0.729253
frame_005024.png,0.663137
frame_005025.png,0.705451
frame_005026.png,0.716032
frame_005027.png,0.729603
frame_005028.png,0.678027
frame_005029.png,0.719246
frame_005030.png,0.717328
frame_005031.png,0.729564
frame_005032.png,0.650662
frame_005033.png,0.697745
frame_005034.png,0.694732
frame_005035.png,0.718968
frame_005036.png,0.648175
frame_005037.png,0.682336
frame_005038.png,0.684253
frame_005039.png,0.702035
frame_005040.png,0.636638
frame_005041.png,0.683897
frame_005042.png,0.661807
frame_005043.png,0.691073
frame_005044.png,0.619265
frame_005045.png,0.644398
frame_005046.png,0.654938
frame_005047.png,0.662485
frame_005048.png,0.599443
frame_005049.png,0.635527
frame_005050.png,0.609900
frame_005051.png,0.640365
frame_005052.png,0.566252
frame_005053.png,0.598416
frame_005054.png,0.600041
frame_005055.png,0.613615
frame_005056.png,0.557913
frame_005057.png,0.587521
frame_005058.png,0.604460
frame_005059.png,0.609578
frame_005060.png,0.552949
frame_005061.png,0.586289
frame_005062.png,0.602502
frame_005063.png,0.610727
frame_005064.png,0.545635
frame_005065.png,0.591752
frame_005066.png,0.584579
frame_005067.png,0.591804
frame_005068.png,0.547060
frame_005069.png,0.584464
frame_005070.png,0.564402
frame_005071.png,0.586860
frame_005072.png,0.558779
frame_005073.png,0.572776
frame_005074.png,0.565048
frame_005075.png,0.602967
frame_005076.png,0.528854
frame_005077.png,0.555700
frame_005078.png,0.555095
frame_005079.png,0.586373
frame_005080.png,0.514240
frame_005081.png,0.556073
frame_005082.png,0.556636
frame_005083.png,0.592500
frame_005084.png,0.515212
frame_005085.png,0.560475
frame_005086.png,0.545789
frame_005087.png,0.543856
frame_005088.png,0.494008
frame_005089.png,0.523052
frame_005090.png,0.527508
frame_005091.png,0.540208
frame_005092.png,0.482598
frame_005093.png,0.516580
frame_005094.png,0.507706
frame_005095.png,0.535149
frame_005096.png,0.456046
frame_005097.png,0.494018
frame_005098.png,0.490735
frame_005099.png,0.486333
frame_005100.png,0.446632
frame_005101.png,0.482915
frame_005102.png,0.474551
frame_005103.png,0.492033
frame_005104.png,0.450010
frame_005105.png,0.480814
frame_005106.png,0.495716
frame_005107.png,0.509012
frame_005108.png,0.449128
frame_005109.png,0.501323
frame_005110.png,0.489803
frame_005111.png,0.513970
frame_005112.png,0.465314
frame_005113.png,0.505872
frame_005114.png,0.498625
frame_005115.png,0.520723
frame_005116.png,0.470874
frame_005117.png,0.500860
frame_005118.png,0.488665
frame_005119.png,0.496524
frame_005120.png,0.473490
frame_005121.png,0.499381
frame_005122.png,0.504512
frame_005123.png,0.505382
frame_005124.png,0.444651
frame_005125.png,0.468908
frame_005126.png,0.485203
frame_005127.png,0.482683
frame_005128.png,0.445534
frame_005129.png,0.471512
frame_005130.png,0.468490
frame_005131.png,0.498100
frame_005132.png,0.420777
frame_005133.png,0.468727
frame_005134.png,0.465490
frame_005135.png,0.487681
frame_005136.png,0.408301
frame_005137.png,0.451620
frame_005138.png,0.444929
frame_005139.png,0.462701
frame_005140.png,0.425216
frame_005141.png,0.451821
frame_005142.png,0.441373
frame_005143.png,0.463947
frame_005144.png,0.391240
frame_005145.png,0.435212
frame_005146.png,0.442880
frame_005147.png,0.449932
frame_005148.png,0.395434
frame_005149.png,0.421370
frame_005150.png,0.417496
frame_005151.png,0.441260
frame_005152.png,0.380394
frame_005153.png,0.410046
frame_005154.png,0.411244
frame_005155.png,0.444367
frame_005156.png,0.387232
frame_005157.png,0.422247
frame_005158.png,0.419890
frame_005159.png,0.430166
frame_005160.png,0.372336
frame_005161.png,0.402309
frame_005162.png,0.402508
frame_005163.png,0.451723
frame_005164.png,0.375424
frame_005165.png,0.399294
frame_005166.png,0.407548
frame_005167.png,0.412402
frame_005168.png,0.372581
frame_005169.png,0.387961
frame_005170.png,0.392911
frame_005171.png,0.404979
frame_005172.png,0.361217
frame_005173.png,0.390708
frame_005174.png,0.395147
frame_005175.png,0.404578
frame_005176.png,0.359456
frame_005177.png,0.400230
frame_005178.png,0.384965
frame_005179.png,0.396908
frame_005180.png,0.340965
frame_005181.png,0.386287
frame_005182.png,0.382529
frame_005183.png,0.401291
frame_005184.png,0.346470
frame_005185.png,0.368353
frame_005186.png,0.370451
frame_005187.png,0.371617
frame_005188.png,0.329697
frame_005189.png,0.361196
frame_005190.png,0.357137
frame_005191.png,0.371366
frame_005192.png,0.327251
frame_005193.png,0.354363
frame_005194.png,0.343111
frame_005195.png,0.367045
frame_005196.png,0.321269
frame_005197.png,0.356445
frame_005198.png,0.351038
frame_005199.png,0.370891
frame_005200.png,0.318538
frame_005201.png,0.346385
frame_005202.png,0.347043
frame_005203.png,0.366426
frame_005204.png,0.314392
frame_005205.png,0.338335
frame_005206.png,0.333966
frame_005207.png,0.361605
frame_005208.png,0.305993
frame_005209.png,0.340199
frame_005210.png,0.330309
frame_005211.png,0.340650
frame_005212.png,0.308465
frame_005213.png,0.342569
frame_005214.png,0.335779
frame_005215.png,0.336395
frame_005216.png,0.298127
frame_005217.png,0.322805
frame_005218.png,0.311028
frame_005219.png,0.341005
frame_005220.png,0.283202
frame_005221.png,0.321096
frame_005222.png,0.317614
frame_005223.png,0.323231
frame_005224.png,0.289568
frame_005225.png,0.310010
frame_005226.png,0.302649
frame_005227.png,0.312911
frame_005228.png,0.274423
frame_005229.png,0.299226
frame_005230.png,0.302699
frame_005231.png,0.304169
frame_005232.png,0.256865
frame_005233.png,0.292108
frame_005234.png,0.276468
frame_005235.png,0.291510
frame_005236.png,0.251715
frame_005237.png,0.279900
frame_005238.png,0.267334
frame_005239.png,0.292101
frame_005240.png,0.238677
frame_005241.png,0.264560
frame_005242.png,0.258297
frame_005243.png,0.265048
frame_005244.png,0.230937
frame_005245.png,0.248623
frame_005246.png,0.253542
frame_005247.png,0.268910
frame_005248.png,0.214639
frame_005249.png,0.202033
frame_005250.png,0.547569
frame_005251.png,0.215471
frame_005252.png,0.214340
frame_005253.png,0.229857
frame_005254.png,0.202386
frame_005255.png,0.226155
frame_005256.png,0.230714
frame_005257.png,0.248814
frame_005258.png,0.205833
frame_005259.png,0.226146
frame_005260.png,0.217548
frame_005261.png,0.234888
frame_005262.png,0.194950
frame_005263.png,0.227064
frame_005264.png,0.215777
frame_005265.png,0.225463
frame_005266.png,0.189819
frame_005267.png,0.211846
frame_005268.png,0.204869
frame_005269.png,0.222274
frame_005270.png,0.185174
frame_005271.png,0.215177
frame_005272.png,0.205449
frame_005273.png,0.220106
frame_005274.png,0.192504
frame_005275.png,0.214539
frame_005276.png,0.205039
frame_005277.png,0.227186
frame_005278.png,0.170999
frame_005279.png,0.208443
frame_005280.png,0.195984
frame_005281.png,0.208162
frame_005282.png,0.167139
frame_005283.png,0.202488
frame_005284.png,0.189286
frame_005285.png,0.197934
frame_005286.png,0.164510
frame_005287.png,0.201291
frame_005288.png,0.186512
frame_005289.png,0.193762
frame_005290.png,0.159149
frame_005291.png,0.195397
frame_005292.png,0.188507
frame_005293.png,0.198665
frame_005294.png,0.172645
frame_005295.png,0.196954
frame_005296.png,0.181402
frame_005297.png,0.198520
frame_005298.png,0.168885
frame_005299.png,0.197375
frame_005300.png,0.186402
frame_005301.png,0.196142
frame_005302.png,0.155149
frame_005303.png,0.200664
frame_005304.png,0.181453
frame_005305.png,0.194823
frame_005306.png,0.158503
frame_005307.png,0.190993
frame_005308.png,0.170517
frame_005309.png,0.179695
frame_005310.png,0.159552
frame_005311.png,0.188848
frame_005312.png,0.169797
frame_005313.png,0.174203
frame_005314.png,0.149931
frame_005315.png,0.178598
frame_005316.png,0.161941
frame_005317.png,0.167909
frame_005318.png,0.138735
frame_005319.png,0.181433
frame_005320.png,0.152892
frame_005321.png,0.162868
frame_005322.png,0.140586
frame_005323.png,0.169313
frame_005324.png,0.148962
frame_005325.png,0.146196
frame_005326.png,0.131921
frame_005327.png,0.163100
frame_005328.png,0.142091
frame_005329.png,0.148410
frame_005330.png,0.122039
frame_005331.png,0.152535
frame_005332.png,0.133804
frame_005333.png,0.141703
frame_005334.png,0.114304
frame_005335.png,0.148791
frame_005336.png,0.125179
frame_005337.png,0.135079
frame_005338.png,0.110023
frame_005339.png,0.134317
frame_005340.png,0.121032
frame_005341.png,0.130648
frame_005342.png,0.105050
frame_005343.png,0.120824
frame_005344.png,0.107485
frame_005345.png,0.123412
frame_005346.png,0.096769
frame_005347.png,0.123403
frame_005348.png,0.101943
frame_005349.png,0.115939
frame_005350.png,0.088395
frame_005351.png,0.126898
frame_005352.png,0.101300
frame_005353.png,0.102049
frame_005354.png,0.086769
frame_005355.png,0.105453
frame_005356.png,0.094552
frame_005357.png,0.100658
frame_005358.png,0.077953
frame_005359.png,0.101869
frame_005360.png,0.082994
frame_005361.png,0.093762
frame_005362.png,0.073002
frame_005363.png,0.101136
frame_005364.png,0.086034
frame_005365.png,0.088003
frame_005366.png,0.067315
frame_005367.png,0.093804
frame_005368.png,0.075062
frame_005369.png,0.078924
frame_005370.png,0.058592
frame_005371.png,0.087514
frame_005372.png,0.064742
frame_005373.png,0.073038
frame_005374.png,0.062712
frame_005375.png,0.082346
frame_005376.png,0.064693
frame_005377.png,0.067795
frame_005378.png,0.055075
frame_005379.png,0.076582
frame_005380.png,0.062456
frame_005381.png,0.066020
frame_005382.png,0.048603
frame_005383.png,0.074257
frame_005384.png,0.057332
frame_005385.png,0.055421
frame_005386.png,0.049458
frame_005387.png,0.070376
frame_005388.png,0.053513
frame_005389.png,0.058044
frame_005390.png,0.043505
frame_005391.png,0.061865
frame_005392.png,0.048497
frame_005393.png,0.052135
frame_005394.png,0.043794
frame_005395.png,0.068920
frame_005396.png,0.046163
frame_005397.png,0.043449
frame_005398.png,0.037097
frame_005399.png,0.055147
frame_005400.png,0.041684
frame_005401.png,0.044487
frame_005402.png,0.036821
frame_005403.png,0.053287
frame_005404.png,0.037629
frame_005405.png,0.041373
frame_005406.png,0.035741
frame_005407.png,0.054234
frame_005408.png,0.037652
frame_005409.png,0.033862
frame_005410.png,0.031478
frame_005411.png,0.045611
frame_005412.png,0.030087
frame_005413.png,0.032120
frame_005414.png,0.029753
frame_005415.png,0.039755
frame_005416.png,0.026103
frame_005417.png,0.028349
frame_005418.png,0.024207
frame_005419.png,0.047608
frame_005420.png,0.026173
frame_005421.png,0.025826
frame_005422.png,0.021360
frame_005423.png,0.038899
frame_005424.png,0.019975
frame_005425.png,0.022269
frame_005426.png,0.021117
frame_005427.png,0.031831
frame_005428.png,0.016566
frame_005429.png,0.017629
frame_005430.png,0.019562
frame_005431.png,0.030841
frame_005432.png,0.015750
frame_005433.png,0.014423
frame_005434.png,0.016140
frame_005435.png,0.026661
frame_005436.png,0.015812
frame_005437.png,0.012758
frame_005438.png,0.013775
frame_005439.png,0.024923
frame_005440.png,0.012496
frame_005441.png,0.013177
frame_005442.png,0.012118
frame_005443.png,0.019242
frame_005444.png,0.011181
frame_005445.png,0.008723
frame_005446.png,0.010257
frame_005447.png,0.015210
frame_005448.png,0.007882
frame_005449.png,0.007186
frame_005450.png,0.009767
frame_005451.png,0.013048
frame_005452.png,0.007888
frame_005453.png,0.006671
frame_005454.png,0.009792
frame_005455.png,0.007969
frame_005456.png,0.005889
frame_005457.png,0.005820
frame_005458.png,0.010033
frame_005459.png,0.007178
frame_005460.png,0.007463
